"","SiteSubsitePlot","duration","richness","richness_change","Jaccard","BrayCurtis","richness_change_abs"
"1","ALEXFIORD:CASSIOPE_COVER:ALL",26,6,0,0,0.0484737909289185,0
"2","ATQASUK:RATE_BETULA_SHRUB:56",9,9,1,0.25,0.357204140972285,1
"3","ATQASUK:RATE_BETULA_SHRUB:50",9,10,0,0.2,0.207105626888272,0
"4","ATQASUK:RATE_BETULA_SHRUB:9",9,13,1,0,0.247971885172032,1
"5","ATQASUK:RATE_BETULA_SHRUB:31",9,15,-1,0.285714285714286,0.555035950982658,1
"6","ATQASUK:RATE_BETULA_SHRUB:48",9,9,-2,0,0.211138788287016,2
"7","ATQASUK:RATE_BETULA_SHRUB:54",9,12,1,0.363636363636364,0.275026344286293,1
"8","ATQASUK:RATE_BETULA_SHRUB:42",9,13,-1,0.333333333333333,0.366250792458611,1
"9","ATQASUK:RATE_BETULA_SHRUB:44",9,11,2,0,0.242766576030051,2
"10","ATQASUK:RATE_CAREX_ WET_MEADOW:18",9,20,1,0.210526315789474,0.325613628042581,1
"11","ATQASUK:RATE_CAREX_ WET_MEADOW:22",9,21,0,0.380952380952381,0.784180914600984,0
"12","ATQASUK:RATE_DRYAS_HEATH:5",9,23,-2,0.285714285714286,0.526405903916603,2
"13","ATQASUK:RATE_DRYAS_HEATH:16",9,22,-2,0.2,0.318149574087939,2
"14","ATQASUK:RATE_DRYAS_HEATH:19",9,20,2,0.333333333333333,0.285968078699513,2
"15","ATQASUK:RATE_DRYAS_HEATH:1",9,22,-7,0.133333333333333,0.270505558260464,7
"16","ATQASUK:RATE_DRYAS_HEATH:17",9,23,-4,0.315789473684211,0.305091129487866,4
"17","ATQASUK:RATE_DRYAS_HEATH:14",9,20,-7,0.461538461538462,0.409722889873315,7
"18","ATQASUK:RATE_ERIOPHORUM_WET_MEADOW:46",9,7,1,0.333333333333333,0.218140393944618,1
"19","ATQASUK:RATE_ERIOPHORUM_WET_MEADOW:45",9,6,0,0.333333333333333,0.129874484644958,0
"20","ATQASUK:RATE_ERIOPHORUM_WET_MEADOW:13",9,10,1,0.444444444444444,0.390963607029537,1
"21","ATQASUK:RATE_HIEROCHLOE_DRY_MEADOW:55",9,12,-1,0.181818181818182,0.12191692655632,1
"22","ATQASUK:RATE_HIEROCHLOE_DRY_MEADOW:24",9,21,0,0.0952380952380952,0.374840581687872,0
"23","ATQASUK:RATE_HIEROCHLOE_DRY_MEADOW:32",9,9,1,0,0.299459959014449,1
"24","ATQASUK:RATE_HIEROCHLOE_DRY_MEADOW:38",9,12,-3,0,0.19503115137628,3
"25","ATQASUK:RATE_HIEROCHLOE_DRY_MEADOW:59",9,22,2,0.3,0.509165188468709,2
"26","ATQASUK:RATE_HIEROCHLOE_DRY_MEADOW:51",9,13,0,0.461538461538462,0.243114297965631,0
"27","ATQASUK:RATE_HIEROCHLOE_DRY_MEADOW:8",9,12,-3,0.222222222222222,0.236131224344748,3
"28","ATQASUK:RATE_HIEROCHLOE_DRY_MEADOW:53",9,10,-1,0,0.2645820550797,1
"29","ATQASUK:RATE_HIEROCHLOE_DRY_MEADOW:49",9,11,0,0,0.232186528964888,0
"30","ATQASUK:RATE_HIEROCHLOE_DRY_MEADOW:58",9,19,-3,0.125,0.149652163041939,3
"31","ATQASUK:RATE_HIEROCHLOE_DRY_MEADOW:28",9,10,-2,0,0.0992000303901609,2
"32","ATQASUK:RATE_HIEROCHLOE_DRY_MEADOW:25",9,12,0,0.166666666666667,0.279012333927877,0
"33","BARROW:ARCTOPHILA_POND_ORDINATION:21",9,5,0,0,0.0985517307635941,0
"34","BARROW:CAREX WET MEADOW_ORDINATION:16",9,3,0,0,0.215938215871866,0
"35","BARROW:CAREX WET MEADOW_ORDINATION:12",9,2,0,0,0.0638526243672212,0
"36","BARROW:CAREX_MESIC MEADOW_ORDINATION:17",9,11,-1,0.4,0.200993835832292,1
"37","BARROW:CAREX_MESIC MEADOW_ORDINATION:20",9,16,4,0.166666666666667,0.508006556304517,4
"38","BARROW:CAREX_MESIC MEADOW_ORDINATION:19",9,12,4,0,0.402660858098194,4
"39","BARROW:CAREX_MESIC MEADOW_ORDINATION:24",9,12,-4,0.25,0.512184217346626,4
"40","BARROW:CAREX_MESIC MEADOW_ORDINATION:4",9,12,-1,0.181818181818182,0.309117796247998,1
"41","BARROW:CAREX_MESIC MEADOW_ORDINATION:22",9,11,-2,0.222222222222222,0.357950454736658,2
"42","BARROW:CAREX_MESIC MEADOW_ORDINATION:18",9,16,3,0.307692307692308,0.411805423270038,3
"43","BARROW:CAREX_MESIC MEADOW_ORDINATION:23",9,7,-1,0,0.145297809512129,1
"44","BARROW:CAREX_MESIC MEADOW_ORDINATION:6",9,5,-2,0,0.239831868849462,2
"45","BARROW:CAREX_MESIC MEADOW_ORDINATION:3",9,9,0,0.222222222222222,0.280475153174607,0
"46","BARROW:CAREX_MESIC MEADOW_ORDINATION:13",9,2,0,0,0.0543701958839574,0
"47","BARROW:CAREX_MOIST MEADOW_ORDINATION:2",9,16,-1,0.533333333333333,0.289604602262798,1
"48","BARROW:CAREX_MOIST MEADOW_ORDINATION:9",9,15,-3,0.166666666666667,0.499789502521296,3
"49","BARROW:CAREX_MOIST MEADOW_ORDINATION:14",9,11,-1,0.2,0.243809190425032,1
"50","BARROW:CAREX_MOIST MEADOW_ORDINATION:15",9,13,0,0.461538461538462,0.361205847325551,0
"51","BARROW:CAREX_MOIST MEADOW_ORDINATION:1",9,18,1,0.352941176470588,0.353725404975537,1
"52","BARROW:CAREX_MOIST MEADOW_ORDINATION:5",9,4,0,0,0.0964726524685383,0
"53","BARROW:CAREX_MOIST MEADOW_ORDINATION:8",9,13,-7,0,0.395242882792927,7
"54","BARROW:CAREX_MOIST_MEADOW_MICROTOPO:AB01.5",9,9,0,0.222222222222222,0.3955525606469,0
"55","BARROW:CAREX_MOIST_MEADOW_MICROTOPO:AB02.0",9,9,0,0.222222222222222,0.25089605734767,0
"56","BARROW:CAREX_MOIST_MEADOW_MICROTOPO:AB00.5",9,9,1,0,0.286561264822134,1
"57","BARROW:CAREX_MOIST_MEADOW_MICROTOPO:AB01.0",9,6,-2,0,0.409184726522188,2
"58","BARROW:CAREX_MOIST_MEADOW_MICROTOPO:AB02.5",9,11,1,0,0.290625,1
"59","BARROW:CAREX_MOIST_MEADOW_MICROTOPO:BC03.5",9,6,1,0,0.301075268817204,1
"60","BARROW:CAREX_MOIST_MEADOW_MICROTOPO:AB28.0",9,10,1,0,0.359463169132225,1
"61","BARROW:CAREX_MOIST_MEADOW_MICROTOPO:AB29.0",9,9,0,0.444444444444444,0.313109425785482,0
"62","BARROW:CAREX_MOIST_MEADOW_MICROTOPO:BC29.0",9,12,0,0.5,0.421944858420268,0
"63","BARROW:CAREX_MOIST_MEADOW_MICROTOPO:BC18.0",9,10,-1,0.222222222222222,0.460611205432937,1
"64","BARROW:CAREX_MOIST_MEADOW_MICROTOPO:BC18.5",9,10,-3,0.285714285714286,0.672405547584888,3
"65","BARROW:CAREX_MOIST_MEADOW_MICROTOPO:AB31.0",9,3,-2,0,0.5,2
"66","BARROW:CAREX_MOIST_MEADOW_MICROTOPO:AB08.0",9,6,0,0,0.233682514101531,0
"67","BARROW:CAREX_MOIST_MEADOW_MICROTOPO:AB08.5",9,7,-1,0,0.259814204375187,1
"68","BARROW:CAREX_MOIST_MEADOW_MICROTOPO:AB09.0",9,9,3,0,0.390322580645161,3
"69","BARROW:CAREX_MOIST_MEADOW_MICROTOPO:AB09.5",9,8,2,0,0.307780320366133,2
"70","BARROW:CAREX_MOIST_MEADOW_MICROTOPO:AB10.0",9,10,-3,0.285714285714286,0.42546213476446,3
"71","BARROW:CAREX_MOIST_MEADOW_MICROTOPO:AB10.5",9,9,1,0.25,0.40530303030303,1
"72","BARROW:CAREX_MOIST_MEADOW_MICROTOPO:AB11.0",9,8,-2,0,0.401111111111111,2
"73","BARROW:CAREX_MOIST_MEADOW_MICROTOPO:AB11.5",9,9,2,0,0.620976692563818,2
"74","BARROW:CAREX_MOIST_MEADOW_MICROTOPO:AB12.0",9,9,-2,0,0.472256728778468,2
"75","BARROW:CAREX_MOIST_MEADOW_MICROTOPO:BC12.0",9,10,0,0.2,0.438333333333333,0
"76","BARROW:CAREX_MOIST_MEADOW_MICROTOPO:BC12.5",9,10,1,0,0.275122549019608,1
"77","BARROW:CAREX_MOIST_MEADOW_MICROTOPO:AB13.5",9,4,-2,0,0.704273504273504,2
"78","BARROW:CAREX_MOIST_MEADOW_MICROTOPO:AB14.0",9,5,-2,0,0.576954069298952,2
"79","BARROW:CAREX_MOIST_MEADOW_MICROTOPO:AB14.5",9,7,0,0.285714285714286,0.402459288800266,0
"80","BARROW:CAREX_MOIST_MEADOW_MICROTOPO:AB03.0",9,11,-4,0,0.430769230769231,4
"81","BARROW:CAREX_MOIST_MEADOW_MICROTOPO:AB03.5",9,5,-1,0,0.145768833849329,1
"82","BARROW:CAREX_MOIST_MEADOW_MICROTOPO:BC03.0",9,13,0,0.615384615384615,0.751092409775044,0
"83","BARROW:CAREX_MOIST_MEADOW_MICROTOPO:BC16.0",9,4,-1,0,0.0767991407089151,1
"84","BARROW:CAREX_MOIST_MEADOW_MICROTOPO:BC16.5",9,6,1,0.4,0.578181818181818,1
"85","BARROW:CAREX_MOIST_MEADOW_MICROTOPO:BC17.0",9,6,3,0,0.42741935483871,3
"86","BARROW:CAREX_MOIST_MEADOW_MICROTOPO:BC17.5",9,6,0,0,0.349029535864979,0
"87","BARROW:CAREX_MOIST_MEADOW_MICROTOPO:AB18.0",9,9,-2,0,0.330223880597015,2
"88","BARROW:CAREX_MOIST_MEADOW_MICROTOPO:AB18.5",9,8,-1,0,0.455252054186098,1
"89","BARROW:CAREX_MOIST_MEADOW_MICROTOPO:AB31.5",9,9,-1,0,0.244781783681214,1
"90","BARROW:CAREX_MOIST_MEADOW_MICROTOPO:AB32.0",9,11,-1,0.2,0.537674418604651,1
"91","BARROW:CAREX_MOIST_MEADOW_MICROTOPO:AB32.5",9,13,3,0.2,0.486338797814208,3
"92","BARROW:CAREX_MOIST_MEADOW_MICROTOPO:AB33.0",9,11,3,0,0.366153846153846,3
"93","BARROW:CAREX_MOIST_MEADOW_MICROTOPO:AB33.5",9,10,1,0.222222222222222,0.573412698412698,1
"94","BARROW:CAREX_MOIST_MEADOW_MICROTOPO:AB34.0",9,8,-3,0,0.665,3
"95","BARROW:CAREX_MOIST_MEADOW_MICROTOPO:BC00.5",9,10,4,0,0.606768609795855,4
"96","BARROW:CAREX_MOIST_MEADOW_MICROTOPO:BC01.0",9,9,1,0,0.394134897360704,1
"97","BARROW:CAREX_MOIST_MEADOW_MICROTOPO:BC01.5",9,10,0,0.2,0.297832817337461,0
"98","BARROW:CAREX_MOIST_MEADOW_MICROTOPO:BC02.0",9,9,2,0,0.296599652519236,2
"99","BARROW:CAREX_MOIST_MEADOW_MICROTOPO:BC02.5",9,15,2,0.615384615384615,0.735029354207436,2
"100","BARROW:CAREX_MOIST_MEADOW_MICROTOPO:BC15.5",9,7,-2,0.4,0.448148148148148,2
"101","BARROW:CAREX_MOIST_MEADOW_MICROTOPO:BC28.5",9,9,0,0,0.483843537414966,0
"102","BARROW:CAREX_MOIST_MEADOW_MICROTOPO:AB17.5",9,6,2,0,0.384312761249078,2
"103","BARROW:CAREX_MOIST_MEADOW_MICROTOPO:BC10.0",9,8,2,0.333333333333333,0.406976744186047,2
"104","BARROW:CAREX_MOIST_MEADOW_MICROTOPO:BC10.5",9,9,1,0,0.431372549019608,1
"105","BARROW:CAREX_MOIST_MEADOW_MICROTOPO:BC11.0",9,10,-1,0.222222222222222,0.426206896551724,1
"106","BARROW:CAREX_MOIST_MEADOW_MICROTOPO:BC31.5",9,9,0,0.222222222222222,0.233954451345756,0
"107","BARROW:CAREX_MOIST_MEADOW_MICROTOPO:BC08.0",9,7,-1,0.333333333333333,0.286218042903321,1
"108","BARROW:CAREX_MOIST_MEADOW_MICROTOPO:BC08.5",9,8,2,0.333333333333333,0.268292682926829,2
"109","BARROW:CAREX_MOIST_MEADOW_MICROTOPO:BC09.0",9,7,0,0,0.254545454545455,0
"110","BARROW:CAREX_MOIST_MEADOW_MICROTOPO:BC09.5",9,9,-1,0.25,0.410865523652138,1
"111","BARROW:CAREX_MOIST_MEADOW_MICROTOPO:BC26.5",9,9,3,0.333333333333333,0.36112071947423,3
"112","BARROW:CAREX_MOIST_MEADOW_MICROTOPO:BC27.0",9,9,-2,0,0.318681318681319,2
"113","BARROW:CAREX_MOIST_MEADOW_MICROTOPO:BC14.0",9,3,-2,0,0.72289156626506,2
"114","BARROW:CAREX_MOIST_MEADOW_MICROTOPO:BC15.0",9,6,-1,0,0.467770549970432,1
"115","BARROW:CAREX_MOIST_MEADOW_MICROTOPO:BC11.5",9,10,-1,0.222222222222222,0.389713679745493,1
"116","BARROW:CAREX_MOIST_MEADOW_MICROTOPO:BC25.5",9,9,0,0.222222222222222,0.447488584474886,0
"117","BARROW:CAREX_MOIST_MEADOW_MICROTOPO:BC26.0",9,9,2,0,0.275347222222222,2
"118","BARROW:CAREX_MOIST_MEADOW_MICROTOPO:BC14.5",9,6,-3,0,0.445238095238095,3
"119","BARROW:CAREX_MOIST_MEADOW_MICROTOPO:BC34.0",9,9,1,0.25,0.37272155876807,1
"120","BARROW:CAREX_MOIST_MEADOW_MICROTOPO:BC28.0",9,10,-2,0,0.151567944250871,2
"121","BARROW:CAREX_MOIST_MEADOW_MICROTOPO:AB16.5",9,7,2,0,0.571153846153846,2
"122","BARROW:CAREX_MOIST_MEADOW_MICROTOPO:AB17.0",9,6,3,0,0.779470729751403,3
"123","BARROW:CAREX_MOIST_MEADOW_MICROTOPO:BC33.0",9,11,2,0,0.401904761904762,2
"124","BARROW:CAREX_MOIST_MEADOW_MICROTOPO:AB26.0",9,10,-1,0.222222222222222,0.4,1
"125","BARROW:CAREX_MOIST_MEADOW_MICROTOPO:AB26.5",9,9,1,0.25,0.393249085467243,1
"126","BARROW:CAREX_MOIST_MEADOW_MICROTOPO:BC27.5",9,8,0,0,0.269206349206349,0
"127","BARROW:CAREX_MOIST_MEADOW_MICROTOPO:BC24.5",9,4,0,0,0.291666666666667,0
"128","BARROW:CAREX_MOIST_MEADOW_MICROTOPO:BC32.0",9,11,0,0.545454545454545,0.682027649769585,0
"129","BARROW:CAREX_MOIST_MEADOW_MICROTOPO:BC32.5",9,11,2,0,0.42051282051282,2
"130","BARROW:CAREX_MOIST_MEADOW_MICROTOPO:AB15.0",9,6,-1,0,0.151746031746032,1
"131","BARROW:CAREX_MOIST_MEADOW_MICROTOPO:BC25.0",9,10,0,0.2,0.350328947368421,0
"132","BARROW:CAREX_MOIST_MEADOW_MICROTOPO:AB25.0",9,9,0,0.222222222222222,0.400621118012422,0
"133","BARROW:CAREX_MOIST_MEADOW_MICROTOPO:AB25.5",9,8,-1,0,0.314102564102564,1
"134","BARROW:CAREX_MOIST_MEADOW_MICROTOPO:AB27.0",9,7,2,0,0.199494949494949,2
"135","BARROW:CAREX_MOIST_MEADOW_MICROTOPO:AB15.5",9,5,-2,0,0.366666666666667,2
"136","BARROW:CAREX_MOIST_MEADOW_MICROTOPO:AB24.5",9,5,-1,0,0.270547945205479,1
"137","BARROW:CAREX_MOIST_MEADOW_MICROTOPO:AB27.5",9,8,0,0,0.278139939156888,0
"138","BARROW:CAREX_MOIST_MEADOW_MICROTOPO:AB16.0",9,7,1,0.333333333333333,0.319776714513557,1
"139","BARROW:CAREX_WET_MEADOW_MICROTOPO:AB06.5",9,4,0,0,0.309299895506792,0
"140","BARROW:CAREX_WET_MEADOW_MICROTOPO:BC06.0",9,4,0,0,0.250334672021419,0
"141","BARROW:CAREX_WET_MEADOW_MICROTOPO:AB04.5",9,5,-1,0,0.131313131313131,1
"142","BARROW:CAREX_WET_MEADOW_MICROTOPO:AB05.0",9,4,0,0,0.258550724637681,0
"143","BARROW:CAREX_WET_MEADOW_MICROTOPO:BC22.5",9,4,1,0,0.633333333333333,1
"144","BARROW:CAREX_WET_MEADOW_MICROTOPO:AB07.0",9,4,0,0,0.227799227799228,0
"145","BARROW:CAREX_WET_MEADOW_MICROTOPO:BC05.5",9,5,-1,0,0.389125799573561,1
"146","BARROW:CAREX_WET_MEADOW_MICROTOPO:BC07.5",9,5,-1,0,0.249613839975286,1
"147","BARROW:CAREX_WET_MEADOW_MICROTOPO:AB07.5",9,5,-1,0,0.207058823529412,1
"148","BARROW:CAREX_WET_MEADOW_MICROTOPO:BC06.5",9,4,0,0,0.226016260162602,0
"149","BARROW:CAREX_WET_MEADOW_MICROTOPO:AB05.5",9,4,0,0,0.192307692307692,0
"150","BARROW:CAREX_WET_MEADOW_MICROTOPO:AB06.0",9,4,0,0,0.131578947368421,0
"151","BARROW:CAREX_WET_MEADOW_MICROTOPO:BC20.5",9,2,0,0,0.676086956521739,0
"152","BARROW:CAREX_WET_MEADOW_MICROTOPO:BC21.5",9,2,0,0,0.498015873015873,0
"153","BARROW:CAREX_WET_MEADOW_MICROTOPO:BC22.0",9,3,-1,0,0.536796536796537,1
"154","BARROW:CAREX_WET_MEADOW_MICROTOPO:AB22.0",9,4,0,0.5,0.421935483870968,0
"155","BARROW:CAREX_WET_MEADOW_MICROTOPO:BC23.0",9,3,0,0,0.590339892665474,0
"156","BARROW:CAREX_WET_MEADOW_MICROTOPO:BC07.0",9,4,0,0,0.221946169772257,0
"157","BARROW:CAREX_WET_MEADOW_MICROTOPO:BC19.0",9,8,-5,0,0.376811594202899,5
"158","BARROW:CAREX_WET_MEADOW_MICROTOPO:BC21.0",9,2,0,0,0.662087912087912,0
"159","BARROW:CAREX_WET_MEADOW_MICROTOPO:BC23.5",9,5,1,0,0.65158371040724,1
"160","BARROW:CAREX_WET_MEADOW_MICROTOPO:BC19.5",9,4,0,0,0.364864864864865,0
"161","BARROW:CAREX_WET_MEADOW_MICROTOPO:BC20.0",9,2,0,0,0.60536398467433,0
"162","BARROW:CAREX_WET_MEADOW_MICROTOPO:BC04.0",9,5,-1,0.5,0.254926108374384,1
"163","BARROW:CAREX_WET_MEADOW_MICROTOPO:AB22.5",9,4,-1,0,0.273148148148148,1
"164","BARROW:CAREX_WET_MEADOW_MICROTOPO:BC05.0",9,4,-1,0,0.633802816901408,1
"165","BARROW:CAREX_WET_MEADOW_MICROTOPO:BC04.5",9,4,0,0.5,0.265486725663717,0
"166","BARROW:CAREX_WET_MEADOW_MICROTOPO:AB23.0",9,4,0,0,0.294871794871795,0
"167","BARROW:CAREX_WET_MEADOW_MICROTOPO:AB20.5",9,2,0,0,0.628628628628629,0
"168","BARROW:CAREX_WET_MEADOW_MICROTOPO:AB21.0",9,2,0,0,0.533730158730159,0
"169","BARROW:CAREX_WET_MEADOW_MICROTOPO:AB04.0",9,6,-1,0,0.353586497890295,1
"170","BARROW:CAREX_WET_MEADOW_MICROTOPO:BC24.0",9,4,0,0,0.370892018779343,0
"171","BARROW:CAREX_WET_MEADOW_MICROTOPO:AB19.0",9,7,-4,0,0.291060291060291,4
"172","BARROW:CAREX_WET_MEADOW_MICROTOPO:AB23.5",9,4,0,0,0.348886532343584,0
"173","BARROW:CAREX_WET_MEADOW_MICROTOPO:AB24.0",9,5,1,0,0.391666666666667,1
"174","BARROW:CAREX_WET_MEADOW_MICROTOPO:AB21.5",9,3,-1,0,0.478991596638655,1
"175","BARROW:DRY_HEATH_ORDINATION:10",9,17,1,0.375,0.387735667337074,1
"176","BARROW:DRY_HEATH_ORDINATION:11",9,16,1,0.266666666666667,0.227235629970808,1
"177","BARROW:DRY_HEATH_ORDINATION:7",9,18,2,0.125,0.278930904833639,2
"178","BARROW:DUPONTIA_WET_MEADOW_MICROTOPO:AB29.5",9,4,-1,0,0.430555555555556,1
"179","BARROW:DUPONTIA_WET_MEADOW_MICROTOPO:AB30.5",9,3,-2,0,0.705882352941177,2
"180","BARROW:DUPONTIA_WET_MEADOW_MICROTOPO:BC13.0",9,7,-3,0.5,0.236111111111111,3
"181","BARROW:DUPONTIA_WET_MEADOW_MICROTOPO:AB30.0",9,3,-1,0,0.777777777777778,1
"182","BARROW:DUPONTIA_WET_MEADOW_MICROTOPO:AB13.0",9,5,-1,0.5,0.503191489361702,1
"183","BARROW:DUPONTIA_WET_MEADOW_MICROTOPO:BC13.5",9,3,-2,0,0.802197802197802,2
"184","BARROW:DUPONTIA_WET_MEADOW_MICROTOPO:AB12.5",9,10,-1,0.444444444444444,0.380122950819672,1
"185","BARROW:DUPONTIA_WET_MEADOW_MICROTOPO:BC29.5",9,5,-1,0,0.201754385964912,1
"186","BARROW:DUPONTIA_WET_MEADOW_MICROTOPO:BC30.0",9,3,-1,0,0.541666666666667,1
"187","BARROW:DUPONTIA_WET_MEADOW_MICROTOPO:BC30.5",9,3,-1,0,0.534883720930232,1
"188","BARROW:DUPONTIA_WET_MEADOW_MICROTOPO:BC31.0",9,3,-2,0,0.511111111111111,2
"189","FURI:FURI4:FURI4_T1",16,7,0,0.285714285714286,0.444121367008723,0
"190","FURI:FURI4:FURI4_T10",16,8,0,0.5,0.169394724446538,0
"191","FURI:FURI4:FURI4_T11",16,4,1,0,0.194573030747808,1
"192","FURI:FURI4:FURI4_T12",16,5,-2,0,0.273328277819907,2
"193","FURI:FURI4:FURI4_T13",16,6,0,0.333333333333333,0.260441611203779,0
"194","FURI:FURI4:FURI4_T14",16,5,-1,0,0.22445596188514,1
"195","FURI:FURI4:FURI4_T15",16,5,-1,0,0.23020356918662,1
"196","FURI:FURI4:FURI4_T16",16,6,-3,0,0.237405106970324,3
"197","FURI:FURI4:FURI4_T17",16,5,2,0,0.0583684228544041,2
"198","FURI:FURI4:FURI4_T18",16,6,-1,0.4,0.750957577509576,1
"199","FURI:FURI4:FURI4_T19",16,6,0,0.333333333333333,0.761571460826372,0
"200","FURI:FURI4:FURI4_T2",16,6,0,0.333333333333333,0.701907228631976,0
"201","FURI:FURI4:FURI4_T20",16,5,-3,0,0.690576652601969,3
"202","FURI:FURI4:FURI4_T3",16,6,0,0.333333333333333,0.945384945384945,0
"203","FURI:FURI4:FURI4_T4",16,5,1,0,0.203272975225396,1
"204","FURI:FURI4:FURI4_T5",16,6,-3,0,0.926748107893047,3
"205","FURI:FURI4:FURI4_T6",16,6,-2,0.5,0.264991847333776,2
"206","FURI:FURI4:FURI4_T7",16,6,-4,0,0.964467005076142,4
"207","FURI:FURI4:FURI4_T8",16,5,-1,0,0.636356092122402,1
"208","FURI:FURI4:FURI4_T9",16,4,0,0,0.107652876768929,0
"209","FURI:FURI5:FURI5_T1",16,7,1,0.333333333333333,0.93984962406015,1
"210","FURI:FURI5:FURI5_T10",16,5,0,0.4,0.851655931003874,0
"211","FURI:FURI5:FURI5_T11",16,6,0,0.333333333333333,0.629610273256682,0
"212","FURI:FURI5:FURI5_T12",16,5,-1,0,0.482575076039926,1
"213","FURI:FURI5:FURI5_T13",16,5,1,0,0.522282883457935,1
"214","FURI:FURI5:FURI5_T14",16,5,0,0,0.661691423286372,0
"215","FURI:FURI5:FURI5_T15",16,7,1,0.333333333333333,0.655270655270655,1
"216","FURI:FURI5:FURI5_T16",16,6,0,0.333333333333333,0.50761421319797,0
"217","FURI:FURI5:FURI5_T17",16,6,-1,0,0.605747126436782,1
"218","FURI:FURI5:FURI5_T18",16,7,2,0.4,0.384615384615385,2
"219","FURI:FURI5:FURI5_T19",16,6,-2,0,0.656617199569309,2
"220","FURI:FURI5:FURI5_T2",16,5,-1,0,0.206762546916,1
"221","FURI:FURI5:FURI5_T20",16,5,-1,0,0.358571868267159,1
"222","FURI:FURI5:FURI5_T3",16,7,-2,0,0.429152148664344,2
"223","FURI:FURI5:FURI5_T4",16,7,-1,0.333333333333333,0.577021276595745,1
"224","FURI:FURI5:FURI5_T5",16,5,-2,0,0.646650326797386,2
"225","FURI:FURI5:FURI5_T6",16,5,0,0,0.390315293391024,0
"226","FURI:FURI5:FURI5_T7",16,6,-1,0.4,0.352031837359151,1
"227","FURI:FURI5:FURI5_T8",16,6,0,0.333333333333333,0.617940971415292,0
"228","FURI:FURI5:FURI5_T9",16,5,-2,0,0.335520021866885,2
"229","FURI:FURI6:FURI6_T1",16,6,-2,0,0.700389105058366,2
"230","FURI:FURI6:FURI6_T10",16,6,-1,0,0.0950471135496183,1
"231","FURI:FURI6:FURI6_T11",16,6,0,0.333333333333333,0.647951792050728,0
"232","FURI:FURI6:FURI6_T12",16,6,-1,0,0.198422758278232,1
"233","FURI:FURI6:FURI6_T13",16,6,1,0,0.248442274873993,1
"234","FURI:FURI6:FURI6_T14",16,5,1,0,0.684397163120567,1
"235","FURI:FURI6:FURI6_T15",16,5,-1,0,0.144561570009829,1
"236","FURI:FURI6:FURI6_T16",16,6,-3,0,0.737618545837724,3
"237","FURI:FURI6:FURI6_T17",16,5,0,0,0.178815504575612,0
"238","FURI:FURI6:FURI6_T18",16,6,-1,0.4,0.613496932515337,1
"239","FURI:FURI6:FURI6_T19",16,4,0,0,0.0460030668711247,0
"240","FURI:FURI6:FURI6_T2",16,6,0,0.333333333333333,0.760212838997597,0
"241","FURI:FURI6:FURI6_T20",16,6,0,0.333333333333333,0.257577044973702,0
"242","FURI:FURI6:FURI6_T3",16,6,0,0.333333333333333,0.92801509147217,0
"243","FURI:FURI6:FURI6_T4",16,5,-1,0,0.471321163101985,1
"244","FURI:FURI6:FURI6_T5",16,6,0,0.333333333333333,0.343576158940397,0
"245","FURI:FURI6:FURI6_T6",16,6,0,0.333333333333333,0.177150997150997,0
"246","FURI:FURI6:FURI6_T7",16,8,-4,0,0.384733764235149,4
"247","FURI:FURI6:FURI6_T8",16,5,-2,0,0.748046727418355,2
"248","FURI:FURI6:FURI6_T9",16,5,0,0,0.237033046581707,0
"249","LOGH:LOGH2:LOGH2_T1",16,9,-2,0,0.575477424475884,2
"250","LOGH:LOGH2:LOGH2_T10",16,8,0,0.5,0.357210014709673,0
"251","LOGH:LOGH2:LOGH2_T11",16,10,-4,0.333333333333333,0.900114502399982,4
"252","LOGH:LOGH2:LOGH2_T12",16,6,1,0,0.248826291079812,1
"253","LOGH:LOGH2:LOGH2_T2",16,8,-3,0,0.560547862124735,3
"254","LOGH:LOGH2:LOGH2_T3",16,9,1,0.25,0.797208145435504,1
"255","LOGH:LOGH2:LOGH2_T4",16,7,0,0.285714285714286,0.682564347756793,0
"256","LOGH:LOGH2:LOGH2_T5",16,7,-1,0,0.326775409638666,1
"257","LOGH:LOGH2:LOGH2_T6",16,6,1,0,0.480081017865317,1
"258","LOGH:LOGH2:LOGH2_T7",16,7,-1,0.333333333333333,0.353362732010531,1
"259","LOGH:LOGH2:LOGH2_T8",16,6,0,0,0.427106227106227,0
"260","LOGH:LOGH2:LOGH2_T9",16,5,0,0,0.0932512539899681,0
"261","LOGH:LOGH4:LOGH4_T1",16,11,-4,0.285714285714286,0.800481949417832,4
"262","LOGH:LOGH4:LOGH4_T10",16,9,1,0.5,0.191924159221922,1
"263","LOGH:LOGH4:LOGH4_T11",16,12,-2,0.4,0.399292823467784,2
"264","LOGH:LOGH4:LOGH4_T12",16,11,-3,0.25,0.583437755774621,3
"265","LOGH:LOGH4:LOGH4_T2",16,9,-2,0.285714285714286,0.641104147155584,2
"266","LOGH:LOGH4:LOGH4_T3",16,12,-4,0.5,0.768542199488491,4
"267","LOGH:LOGH4:LOGH4_T4",16,11,0,0.181818181818182,0.485788473130245,0
"268","LOGH:LOGH4:LOGH4_T5",16,11,0,0.363636363636364,0.624579124579125,0
"269","LOGH:LOGH4:LOGH4_T6",16,12,-2,0.2,0.541926943899102,2
"270","LOGH:LOGH4:LOGH4_T7",16,9,-3,0.333333333333333,0.681547619047619,3
"271","LOGH:LOGH4:LOGH4_T8",16,11,-2,0.222222222222222,0.899660658136422,2
"272","LOGH:LOGH4:LOGH4_T9",16,10,-1,0.444444444444444,0.663775377665453,1
"273","LOGH:LOGH5:LOGH5_T1",16,7,-1,0.333333333333333,0.215390036559045,1
"274","LOGH:LOGH5:LOGH5_T10",16,7,-1,0,0.701608118657299,1
"275","LOGH:LOGH5:LOGH5_T11",16,7,1,0,0.529626386456509,1
"276","LOGH:LOGH5:LOGH5_T12",16,7,-1,0,0.679360735667949,1
"277","LOGH:LOGH5:LOGH5_T2",16,7,2,0,0.68185921503457,2
"278","LOGH:LOGH5:LOGH5_T3",16,7,-1,0,0.524058830331893,1
"279","LOGH:LOGH5:LOGH5_T4",16,6,0,0,0.371163497192894,0
"280","LOGH:LOGH5:LOGH5_T5",16,6,0,0,0.21510551647538,0
"281","LOGH:LOGH5:LOGH5_T6",16,6,0,0,0.754507337526205,0
"282","LOGH:LOGH5:LOGH5_T7",16,7,-2,0.4,0.920716112531969,2
"283","LOGH:LOGH5:LOGH5_T8",16,6,1,0,0.115662532955766,1
"284","LOGH:LOGH5:LOGH5_T9",16,6,1,0,0.562770562770563,1
"285","LORI:LORI1:LORI1_T1",16,7,-1,0.333333333333333,0.299103131505366,1
"286","LORI:LORI1:LORI1_T10",16,8,-1,0.285714285714286,0.219125953425358,1
"287","LORI:LORI1:LORI1_T11",16,8,-1,0,0.269200555924829,1
"288","LORI:LORI1:LORI1_T12",16,7,1,0,0.337776658718051,1
"289","LORI:LORI1:LORI1_T13",16,8,0,0.25,0.193702797574726,0
"290","LORI:LORI1:LORI1_T14",16,8,-2,0,0.249949826240348,2
"291","LORI:LORI1:LORI1_T15",16,7,0,0,0.468280346820809,0
"292","LORI:LORI1:LORI1_T16",16,6,-1,0,0.29343205813794,1
"293","LORI:LORI1:LORI1_T17",16,7,-1,0,0.206137103938407,1
"294","LORI:LORI1:LORI1_T18",16,8,-1,0,0.163168688065212,1
"295","LORI:LORI1:LORI1_T19",16,7,0,0,0.254276625117545,0
"296","LORI:LORI1:LORI1_T2",16,7,0,0.285714285714286,0.111419325011558,0
"297","LORI:LORI1:LORI1_T20",16,9,-2,0.285714285714286,0.233239840605485,2
"298","LORI:LORI1:LORI1_T3",16,8,2,0,0.312197741073222,2
"299","LORI:LORI1:LORI1_T4",16,6,1,0,0.259999635216226,1
"300","LORI:LORI1:LORI1_T5",16,8,0,0.25,0.140819317468072,0
"301","LORI:LORI1:LORI1_T6",16,6,1,0,0.371606773209328,1
"302","LORI:LORI1:LORI1_T7",16,8,-1,0.285714285714286,0.43572024044579,1
"303","LORI:LORI1:LORI1_T8",16,9,1,0.25,0.491726153884756,1
"304","LORI:LORI1:LORI1_T9",16,8,0,0.25,0.543493264134276,0
"305","LORI:LORI3:LORI3_T1",16,8,-1,0.285714285714286,0.313322417484803,1
"306","LORI:LORI3:LORI3_T10",16,7,-3,0.5,0.868589743589744,3
"307","LORI:LORI3:LORI3_T11",16,7,0,0.285714285714286,0.875439722505726,0
"308","LORI:LORI3:LORI3_T12",16,8,1,0.285714285714286,0.547797304285081,1
"309","LORI:LORI3:LORI3_T13",16,8,0,0.25,0.206558922138349,0
"310","LORI:LORI3:LORI3_T14",16,8,1,0.285714285714286,0.705102739838278,1
"311","LORI:LORI3:LORI3_T15",16,8,1,0,0.568915369163508,1
"312","LORI:LORI3:LORI3_T16",16,8,1,0,0.276726016076929,1
"313","LORI:LORI3:LORI3_T17",16,7,0,0.285714285714286,0.367901160584087,0
"314","LORI:LORI3:LORI3_T18",16,9,0,0.222222222222222,0.231108130145454,0
"315","LORI:LORI3:LORI3_T19",16,6,-1,0,0.553851006480473,1
"316","LORI:LORI3:LORI3_T2",16,7,0,0.285714285714286,0.175264056332017,0
"317","LORI:LORI3:LORI3_T20",16,7,-2,0,0.193772297981656,2
"318","LORI:LORI3:LORI3_T3",16,6,1,0,0.696419437340153,1
"319","LORI:LORI3:LORI3_T4",16,8,0,0.25,0.426645847938309,0
"320","LORI:LORI3:LORI3_T5",16,8,0,0.5,0.646162275240325,0
"321","LORI:LORI3:LORI3_T6",16,8,3,0.4,0.937111373290394,3
"322","LORI:LORI3:LORI3_T7",16,7,-1,0,0.60526810959094,1
"323","LORI:LORI3:LORI3_T8",16,7,0,0.285714285714286,0.452468487394958,0
"324","LORI:LORI3:LORI3_T9",16,10,-2,0.25,0.386613916306387,2
"325","LORI:LORI4:LORI4_T1",16,7,0,0.285714285714286,0.160167434986691,0
"326","LORI:LORI4:LORI4_T10",16,8,2,0.333333333333333,0.304405952104162,2
"327","LORI:LORI4:LORI4_T11",16,8,0,0.5,0.215223097112861,0
"328","LORI:LORI4:LORI4_T12",16,6,-1,0,0.250094597585441,1
"329","LORI:LORI4:LORI4_T13",16,8,-1,0.571428571428571,0.5193315931553,1
"330","LORI:LORI4:LORI4_T14",16,7,0,0.285714285714286,0.373991261486791,0
"331","LORI:LORI4:LORI4_T15",16,6,0,0.333333333333333,0.484856488818454,0
"332","LORI:LORI4:LORI4_T16",16,6,2,0.5,0.976748971193416,2
"333","LORI:LORI4:LORI4_T17",16,7,3,0,0.330156983143138,3
"334","LORI:LORI4:LORI4_T18",16,7,2,0,0.405449290423148,2
"335","LORI:LORI4:LORI4_T19",16,6,1,0,0.583194111179919,1
"336","LORI:LORI4:LORI4_T2",16,8,-1,0.285714285714286,0.694690061046394,1
"337","LORI:LORI4:LORI4_T20",16,7,1,0.333333333333333,0.108272791188188,1
"338","LORI:LORI4:LORI4_T3",16,8,-3,0,0.171315574889031,3
"339","LORI:LORI4:LORI4_T4",16,8,-1,0,0.400055262440584,1
"340","LORI:LORI4:LORI4_T5",16,9,3,0.333333333333333,0.401869869261174,3
"341","LORI:LORI4:LORI4_T6",16,8,-3,0,0.309094855654439,3
"342","LORI:LORI4:LORI4_T7",16,6,1,0.4,0.326054519130418,1
"343","LORI:LORI4:LORI4_T8",16,9,-1,0.25,0.317259326533464,1
"344","LORI:LORI4:LORI4_T9",16,7,1,0.333333333333333,0.522950760187235,1
"345","RIRI:RIRI2:RIRI2_T1",16,17,-5,0.5,0.570397344590893,5
"346","RIRI:RIRI2:RIRI2_T10",16,15,-4,0.181818181818182,0.650754058985196,4
"347","RIRI:RIRI2:RIRI2_T11",16,11,-1,0.2,0.504791098152094,1
"348","RIRI:RIRI2:RIRI2_T12",16,14,-2,0.333333333333333,0.347658121592817,2
"349","RIRI:RIRI2:RIRI2_T13",16,17,-3,0.428571428571429,0.797387412587413,3
"350","RIRI:RIRI2:RIRI2_T14",16,15,3,0.5,0.840238556567864,3
"351","RIRI:RIRI2:RIRI2_T15",16,16,-1,0.4,0.656190225497938,1
"352","RIRI:RIRI2:RIRI2_T16",16,10,-2,0.25,0.717105263157895,2
"353","RIRI:RIRI2:RIRI2_T17",16,14,-4,0.4,0.744712276970341,4
"354","RIRI:RIRI2:RIRI2_T18",16,16,1,0.533333333333333,0.544371131911411,1
"355","RIRI:RIRI2:RIRI2_T19",16,11,-2,0.222222222222222,0.796628954052182,2
"356","RIRI:RIRI2:RIRI2_T2",16,13,-2,0.363636363636364,0.270116777666271,2
"357","RIRI:RIRI2:RIRI2_T20",16,14,-2,0.333333333333333,0.482858281841738,2
"358","RIRI:RIRI2:RIRI2_T3",16,13,0,0.461538461538462,0.871404399323181,0
"359","RIRI:RIRI2:RIRI2_T4",16,16,-4,0.333333333333333,0.765493845592383,4
"360","RIRI:RIRI2:RIRI2_T5",16,10,-3,0,0.697213989330172,3
"361","RIRI:RIRI2:RIRI2_T6",16,14,-2,0.333333333333333,0.440375733855186,2
"362","RIRI:RIRI2:RIRI2_T7",16,17,-8,0,0.376482765036982,8
"363","RIRI:RIRI2:RIRI2_T8",16,15,3,0.333333333333333,0.459517497348887,3
"364","RIRI:RIRI2:RIRI2_T9",16,11,-3,0,0.503399868392191,3
"365","RIRI:RIRI4:RIRI4_T1",16,15,2,0.461538461538462,0.774671681361366,2
"366","RIRI:RIRI4:RIRI4_T10",16,13,0,0.461538461538462,0.867069020544433,0
"367","RIRI:RIRI4:RIRI4_T11",16,15,-4,0.363636363636364,0.887611749680715,4
"368","RIRI:RIRI4:RIRI4_T12",16,13,2,0.363636363636364,0.711241018146389,2
"369","RIRI:RIRI4:RIRI4_T13",16,14,1,0.307692307692308,0.502652050919378,1
"370","RIRI:RIRI4:RIRI4_T14",16,17,-2,0.4,0.693884275332695,2
"371","RIRI:RIRI4:RIRI4_T15",16,18,-8,0.2,0.490439235138811,8
"372","RIRI:RIRI4:RIRI4_T16",16,21,-8,0.307692307692308,0.522246431663161,8
"373","RIRI:RIRI4:RIRI4_T17",16,15,2,0.461538461538462,0.586188663282572,2
"374","RIRI:RIRI4:RIRI4_T18",16,14,3,0.363636363636364,0.752426245988478,3
"375","RIRI:RIRI4:RIRI4_T19",16,15,1,0.428571428571429,0.806741067778595,1
"376","RIRI:RIRI4:RIRI4_T20",16,16,-2,0.428571428571429,0.63064182194617,2
"377","RIRI:RIRI4:RIRI4_T3",16,14,-3,0.363636363636364,0.651069604428013,3
"378","RIRI:RIRI4:RIRI4_T4",16,16,-5,0.181818181818182,0.3204833141542,5
"379","RIRI:RIRI4:RIRI4_T5",16,15,-3,0.333333333333333,0.521865889212828,3
"380","RIRI:RIRI4:RIRI4_T6",16,14,-3,0.363636363636364,0.6947362338938,3
"381","RIRI:RIRI4:RIRI4_T7",16,13,-5,0,0.811006793374552,5
"382","RIRI:RIRI4:RIRI4_T8",16,14,1,0.307692307692308,0.788357278395229,1
"383","RIRI:RIRI4:RIRI4_T9",16,17,-4,0.615384615384615,0.645683625562901,4
"384","RIRI:RIRI6:RIRI6_T1",16,20,-10,0.4,0.758431102675383,10
"385","RIRI:RIRI6:RIRI6_T10",16,17,-4,0.461538461538462,0.888561907065495,4
"386","RIRI:RIRI6:RIRI6_T11",16,18,-8,0.4,0.847232935840531,8
"387","RIRI:RIRI6:RIRI6_T12",16,19,-3,0.375,0.4474487444361,3
"388","RIRI:RIRI6:RIRI6_T13",16,26,3,0.521739130434783,0.700103621483017,3
"389","RIRI:RIRI6:RIRI6_T14",16,21,4,0.117647058823529,0.516355946974306,4
"390","RIRI:RIRI6:RIRI6_T15",16,20,-3,0.470588235294118,0.894938667134801,3
"391","RIRI:RIRI6:RIRI6_T16",16,19,-6,0.307692307692308,0.544470799160361,6
"392","RIRI:RIRI6:RIRI6_T17",16,14,-1,0.461538461538462,0.941764636588526,1
"393","RIRI:RIRI6:RIRI6_T18",16,16,-1,0.4,0.787968638631504,1
"394","RIRI:RIRI6:RIRI6_T19",16,15,2,0.615384615384615,0.768897400623994,2
"395","RIRI:RIRI6:RIRI6_T2",16,20,-3,0.352941176470588,0.89551696742708,3
"396","RIRI:RIRI6:RIRI6_T20",16,17,-3,0.428571428571429,0.413246314015117,3
"397","RIRI:RIRI6:RIRI6_T3",16,21,-5,0.25,0.520691930618401,5
"398","RIRI:RIRI6:RIRI6_T4",16,28,9,0.526315789473684,0.781382006178677,9
"399","RIRI:RIRI6:RIRI6_T5",16,25,7,0.333333333333333,0.436346294451983,7
"400","RIRI:RIRI6:RIRI6_T6",16,23,5,0.444444444444444,0.62823138795361,5
"401","RIRI:RIRI6:RIRI6_T7",16,27,-10,0.470588235294118,0.66156775210084,10
"402","RIRI:RIRI6:RIRI6_T8",16,24,0,0.416666666666667,0.634288909832885,0
"403","RIRI:RIRI6:RIRI6_T9",16,23,2,0.666666666666667,0.81317183157674,2
"404","BARROW:CAREX_MOIST_MEADOW_MICROTOPO:BC33.5",9,10,2,0.25,0.337132404671451,2
"405","ABISKO:ABISKOWET_MULTE:Abisko_wetheathControl6",9,14,-3,0.181818181818182,0.239130434782609,3
"406","ABISKO:ABISKOWET_MULTE:Abisko_wetheathControl5",9,12,1,0.363636363636364,0.312117503059976,1
"407","ABISKO:ABISKOWET_MULTE:Abisko_wetheathControl4",9,10,2,0,0.271768871720586,2
"408","ABISKO:ABISKOWET_MULTE:Abisko_wetheathControl3",9,11,-1,0.2,0.2,1
"409","ABISKO:ABISKOWET_MULTE:Abisko_wetheathControl2",9,12,-2,0.2,0.246194172799677,2
"410","ABISKO:ABISKOWET_MULTE:Abisko_wetheathControl1",9,12,-1,0,0.174936061381074,1
"411","THUFUVER:PALSA:PALSA2_10",23,10,2,0,0.49375,2
"412","THUFUVER:PALSA:PALSA2_11",23,8,-3,0,0.448098001289491,3
"413","THUFUVER:PALSA:PALSA2_12",23,9,-1,0.25,0.534739454094293,1
"414","THUFUVER:PALSA:PALSA2_13",23,10,2,0.5,0.379371143109021,2
"415","THUFUVER:PALSA:PALSA2_6",23,14,6,0,0.223443223443224,6
"416","THUFUVER:PALSA:PALSA2_8",23,17,7,0.6,0.659090909090909,7
"417","THUFUVER:PALSA:PALSA3_20",23,14,-1,0.461538461538462,0.614583333333333,1
"418","THUFUVER:PALSA:PALSA4_8",23,8,-3,0,0.560074801309023,3
"419","THUFUVER:PALSA:PALSA4_9",23,12,-1,0.545454545454545,0.447610294117647,1
"420","THUFUVER:PALSA:PALSA5_2",23,12,-2,0.8,0.568299482277977,2
"421","THUFUVER:PALSA:PALSA1_1",23,8,-3,0.4,0.350853548966757,3
"422","THUFUVER:PALSA:PALSA1_10",23,11,-1,0.8,0.515151515151515,1
"423","THUFUVER:PALSA:PALSA1_3",23,16,-5,0.909090909090909,0.6,5
"424","THUFUVER:PALSA:PALSA1_4",22,16,-4,0.833333333333333,0.764880952380952,4
"425","THUFUVER:PALSA:PALSA1_5",23,12,1,0.727272727272727,0.379414298018949,1
"426","THUFUVER:PALSA:PALSA1_6",23,11,4,0.571428571428571,0.795296167247387,4
"427","THUFUVER:PALSA:PALSA1_7",23,11,-1,0.8,0.535714285714286,1
"428","THUFUVER:PALSA:PALSA1_9",23,13,0,0.615384615384615,0.445953593661573,0
"429","THUFUVER:PALSA:PALSA2_1",23,13,3,0.4,0.345427059712774,3
"430","THUFUVER:PALSA:PALSA2_14",23,8,-2,0.333333333333333,0.487441130298273,2
"431","THUFUVER:PALSA:PALSA2_15",23,13,6,0.571428571428571,0.352272727272727,6
"432","THUFUVER:PALSA:PALSA2_16",23,12,6,0,0.520833333333333,6
"433","THUFUVER:PALSA:PALSA2_17",23,8,2,0,0.562224889955982,2
"434","THUFUVER:PALSA:PALSA2_18",23,14,-5,0.666666666666667,0.523848684210526,5
"435","THUFUVER:PALSA:PALSA2_19",23,15,6,0.222222222222222,0.56998556998557,6
"436","THUFUVER:PALSA:PALSA2_2",23,11,2,0.444444444444444,0.432167832167832,2
"437","THUFUVER:PALSA:PALSA2_20",23,17,2,0.533333333333333,0.695862960568843,2
"438","THUFUVER:PALSA:PALSA2_3",23,12,-1,0.363636363636364,0.425083612040134,1
"439","THUFUVER:PALSA:PALSA2_4",23,12,0,0.5,0.190681389711823,0
"440","THUFUVER:PALSA:PALSA4_1",23,5,1,0,0.337674418604651,1
"441","THUFUVER:PALSA:PALSA4_10",23,8,-1,0.571428571428571,0.524603174603175,1
"442","THUFUVER:PALSA:PALSA4_2",23,6,1,0,0.315151515151515,1
"443","THUFUVER:PALSA:PALSA4_4",23,8,1,0.285714285714286,0.236559139784946,1
"444","THUFUVER:PALSA:PALSA4_5",23,5,1,0,0.226568005637773,1
"445","THUFUVER:PALSA:PALSA4_6",23,8,0,0.5,0.189283449587825,0
"446","THUFUVER:PALSA:PALSA4_7",23,12,3,0.444444444444444,0.372477804681195,3
"447","THUFUVER:PALSA:PALSA1_2",23,10,-2,0.75,0.830967741935484,2
"448","THUFUVER:PALSA:PALSA1_8",23,13,-1,0.666666666666667,0.60262891809909,1
"449","THUFUVER:PALSA:PALSA2_5",23,11,1,0.4,0.479977753058954,1
"450","THUFUVER:PALSA:PALSA2_7",23,13,3,0.6,0.577441077441077,3
"451","THUFUVER:PALSA:PALSA2_9",23,13,4,0.666666666666667,0.717986314760508,4
"452","THUFUVER:PALSA:PALSA4_3",23,9,4,0,0.211416490486258,4
"453","THUFUVER:PALSA:PALSA5_1",23,10,-5,0.4,0.502213788741303,5
"454","THUFUVER:PALSA:PALSA5_3",23,10,-1,0.666666666666667,0.463414634146341,1
"455","THUFUVER:PALSA:PALSA5_4",23,11,0,0.545454545454545,0.476666666666667,0
"456","THUFUVER:PALSA:PALSA5_5",22,10,0,0.6,0.462962962962963,0
"457","THUFUVER:PALSA:PALSA5_6",23,8,1,0.571428571428571,0.864197530864198,1
"458","THUFUVER:PALSA:PALSA5_8",6,11,1,0.6,0.330952380952381,1
"459","THUFUVER:PALSA:PALSA5_9",22,16,-3,0.769230769230769,0.480943738656987,3
"460","THUFUVER:PALSA:PALSA3_1",23,12,4,0.25,0.333333333333333,4
"461","THUFUVER:PALSA:PALSA3_10",23,10,-1,0.222222222222222,0.264596273291925,1
"462","THUFUVER:PALSA:PALSA3_11",23,11,2,0.444444444444444,0.6125,2
"463","THUFUVER:PALSA:PALSA3_12",23,12,-3,0.222222222222222,0.487142857142857,3
"464","THUFUVER:PALSA:PALSA3_13",23,11,-1,0.4,0.473193473193473,1
"465","THUFUVER:PALSA:PALSA3_14",23,11,1,0.6,0.370689655172414,1
"466","THUFUVER:PALSA:PALSA3_15",23,14,4,0.6,0.576604554865424,4
"467","THUFUVER:PALSA:PALSA3_17",23,11,0,0.363636363636364,0.523809523809524,0
"468","THUFUVER:PALSA:PALSA3_18",23,12,0,0.666666666666667,0.389723320158103,0
"469","THUFUVER:PALSA:PALSA3_19",23,14,-4,0.4,0.409897292250233,4
"470","THUFUVER:PALSA:PALSA3_4",23,11,0,0.545454545454545,0.205665024630542,0
"471","THUFUVER:PALSA:PALSA3_5",23,7,0,0.285714285714286,0.237980769230769,0
"472","THUFUVER:PALSA:PALSA3_7",23,11,-3,0.5,0.37843137254902,3
"473","THUFUVER:PALSA:PALSA3_9",6,10,-7,0,0.256871035940803,7
"474","THUFUVER:PALSA:PALSA5_7",23,10,-4,0.333333333333333,0.463005339435545,4
"475","THUFUVER:PALSA:PALSA3_2",23,9,4,0,0.207692307692308,4
"476","THUFUVER:PALSA:PALSA3_3",23,15,3,0.333333333333333,0.313192904656319,3
"477","THUFUVER:PALSA:PALSA3_6",23,11,-2,0.666666666666667,0.717171717171717,2
"478","THUFUVER:PALSA:PALSA3_8",23,11,3,0.5,0.376756066411239,3
"479","THUFUVER:SALIXHEATH:SALIXHEATH2_3",23,6,-3,0,0.531468531468532,3
"480","THUFUVER:SALIXHEATH:SALIXHEATH2_2",23,8,-1,0,0.634245187436677,1
"481","THUFUVER:SALIXHEATH:SALIXHEATH2_20",23,10,0,0.8,0.605263157894737,0
"482","THUFUVER:SALIXHEATH:SALIXHEATH2_7",23,7,-2,0,0.244360902255639,2
"483","THUFUVER:SALIXHEATH:SALIXHEATH2_4",23,8,-2,0.333333333333333,0.48731884057971,2
"484","THUFUVER:SALIXHEATH:SALIXHEATH3_9",23,7,-1,0,0.414667817083693,1
"485","THUFUVER:SALIXHEATH:SALIXHEATH3_12",23,4,-1,0,0.260910815939279,1
"486","THUFUVER:SALIXHEATH:SALIXHEATH3_20",23,7,-2,0,0.125109745390694,2
"487","THUFUVER:SALIXHEATH:SALIXHEATH1_4",23,6,-2,0.5,0.829268292682927,2
"488","THUFUVER:SALIXHEATH:SALIXHEATH2_8",23,8,0,0.25,0.560227272727273,0
"489","THUFUVER:SALIXHEATH:SALIXHEATH1_19",23,9,-1,0.75,0.813333333333333,1
"490","THUFUVER:SALIXHEATH:SALIXHEATH2_18",23,7,-1,0.666666666666667,0.7,1
"491","THUFUVER:SALIXHEATH:SALIXHEATH3_8",23,7,-2,0,0.685714285714286,2
"492","THUFUVER:SALIXHEATH:SALIXHEATH2_19",23,7,2,0,0.402737047898338,2
"493","THUFUVER:SALIXHEATH:SALIXHEATH3_7",23,6,0,0.333333333333333,0.6716594402838,0
"494","THUFUVER:SALIXHEATH:SALIXHEATH2_11",23,7,2,0,0.491121872477805,2
"495","THUFUVER:SALIXHEATH:SALIXHEATH2_5",23,9,0,0.444444444444444,0.742786769880366,0
"496","THUFUVER:SALIXHEATH:SALIXHEATH2_6",23,8,1,0.285714285714286,0.371794871794872,1
"497","THUFUVER:SALIXHEATH:SALIXHEATH3_13",23,5,-3,0,0.816231884057971,3
"498","THUFUVER:SALIXHEATH:SALIXHEATH1_20",23,7,3,0,0.788461538461538,3
"499","THUFUVER:SALIXHEATH:SALIXHEATH1_3",23,5,1,0,0.48941798941799,1
"500","THUFUVER:SALIXHEATH:SALIXHEATH2_17",23,7,-2,0,0.506060606060606,2
"501","THUFUVER:SALIXHEATH:SALIXHEATH2_16",23,8,1,0.285714285714286,0.375730994152047,1
"502","THUFUVER:SALIXHEATH:SALIXHEATH3_11",23,8,0,0.5,0.750697674418605,0
"503","THUFUVER:SALIXHEATH:SALIXHEATH2_14",23,9,1,0.25,0.201086956521739,1
"504","THUFUVER:SALIXHEATH:SALIXHEATH3_2",23,8,-6,0,0.5,6
"505","THUFUVER:SALIXHEATH:SALIXHEATH1_2",23,7,5,0,0.822222222222222,5
"506","THUFUVER:SALIXHEATH:SALIXHEATH1_9",23,5,0,0,0.5004329004329,0
"507","THUFUVER:SALIXHEATH:SALIXHEATH2_9",23,9,-1,0.5,0.567567567567568,1
"508","THUFUVER:SALIXHEATH:SALIXHEATH3_1",23,8,-6,0,0.8125,6
"509","THUFUVER:SALIXHEATH:SALIXHEATH2_12",23,9,-2,0,0.197368421052632,2
"510","THUFUVER:SALIXHEATH:SALIXHEATH2_15",23,8,0,0.25,0.358543417366947,0
"511","THUFUVER:SALIXHEATH:SALIXHEATH3_14",23,8,-1,0.285714285714286,0.819409282700422,1
"512","THUFUVER:SALIXHEATH:SALIXHEATH3_15",23,8,2,0.666666666666667,0.770491803278688,2
"513","THUFUVER:SALIXHEATH:SALIXHEATH3_16",23,7,-2,0.4,0.64375,2
"514","THUFUVER:SALIXHEATH:SALIXHEATH3_17",23,9,-3,0.666666666666667,0.885714285714286,3
"515","THUFUVER:SALIXHEATH:SALIXHEATH1_1",23,8,3,0.4,0.855938416422287,3
"516","THUFUVER:SALIXHEATH:SALIXHEATH1_10",23,8,0,0.25,0.53109756097561,0
"517","THUFUVER:SALIXHEATH:SALIXHEATH2_13",23,9,0,0.222222222222222,0.166875,0
"518","THUFUVER:SALIXHEATH:SALIXHEATH1_5",23,6,2,0,0.333333333333333,2
"519","THUFUVER:SALIXHEATH:SALIXHEATH1_6",23,7,2,0,0.602322206095791,2
"520","THUFUVER:SALIXHEATH:SALIXHEATH1_7",23,7,1,0.666666666666667,0.495049504950495,1
"521","THUFUVER:SALIXHEATH:SALIXHEATH1_8",23,9,1,0.5,0.640350877192982,1
"522","THUFUVER:SALIXHEATH:SALIXHEATH3_6",23,6,1,0.4,0.657448706512043,1
"523","THUFUVER:SALIXHEATH:SALIXHEATH3_10",23,8,3,0,0.713559322033898,3
"524","THUFUVER:SALIXHEATH:SALIXHEATH1_18",23,8,-1,0.571428571428571,0.901960784313725,1
"525","THUFUVER:SALIXHEATH:SALIXHEATH3_18",23,6,-2,0,0.208751793400287,2
"526","THUFUVER:SALIXHEATH:SALIXHEATH3_19",23,9,1,0.5,0.769230769230769,1
"527","THUFUVER:SALIXHEATH:SALIXHEATH1_11",23,8,1,0.285714285714286,0.521778584392015,1
"528","THUFUVER:SALIXHEATH:SALIXHEATH3_3",23,5,-1,0.5,0.832606800348736,1
"529","THUFUVER:SALIXHEATH:SALIXHEATH1_12",23,8,-1,0.571428571428571,0.861904761904762,1
"530","THUFUVER:SALIXHEATH:SALIXHEATH1_13",23,8,-1,0.857142857142857,0.967213114754098,1
"531","THUFUVER:SALIXHEATH:SALIXHEATH1_14",23,8,0,0.5,0.887163561076605,0
"532","THUFUVER:SALIXHEATH:SALIXHEATH1_15",23,7,2,0.4,0.385585585585586,2
"533","THUFUVER:SALIXHEATH:SALIXHEATH1_16",23,7,2,0.4,0.447415329768271,2
"534","THUFUVER:SALIXHEATH:SALIXHEATH1_17",23,8,-1,0.571428571428571,0.754824561403509,1
"535","THUFUVER:SALIXHEATH:SALIXHEATH2_1",23,7,0,0.571428571428571,0.234920634920635,0
"536","THUFUVER:SALIXHEATH:SALIXHEATH2_10",23,7,-1,0.333333333333333,0.541137123745819,1
"537","THUFUVER:SALIXHEATH:SALIXHEATH3_5",23,5,0,0.4,0.708222811671088,0
"538","THUFUVER:SALIXHEATH:SALIXHEATH3_4",23,6,0,0.333333333333333,0.601754385964912,0
"539","WOLFCREEK:WOLFCREEK:WOLFCREEK_CTL_5",10,7,-1,0.333333333333333,0.243181818181818,1
"540","WOLFCREEK:WOLFCREEK:WOLFCREEK_CTL_20",10,10,0,0.4,0.291694133157548,0
"541","WOLFCREEK:WOLFCREEK:WOLFCREEK_CTL_2",10,10,2,0.25,0.233993902439025,2
"542","WOLFCREEK:WOLFCREEK:WOLFCREEK_CTL_9",10,7,-1,0,0.129625843385811,1
"543","ABISKO:lower_forest:ALFc1",10,5,0,0,0.547819971870605,0
"544","ABISKO:lower_forest:ALFc2",10,6,-2,0,0.400806451612903,2
"545","ABISKO:lower_forest:ALFc3",10,9,-1,0.25,0.326973684210526,1
"546","ABISKO:lower_forest:ALFc4",10,9,-3,0.333333333333333,0.688775510204082,3
"547","ABISKO:lower_forest:ALFc5",10,13,-8,0.4,0.772816166883964,8
"548","ABISKO:lower_tundra:ALTc1",10,5,-3,0,0.251968503937008,3
"549","ABISKO:lower_tundra:ALTc2",10,6,-2,0,0.307072829131653,2
"550","ABISKO:lower_tundra:ALTc3",10,5,-2,0,0.209340659340659,2
"551","ABISKO:lower_tundra:ALTc4",10,7,-5,0,0.370862369337979,5
"552","ABISKO:lower_tundra:ALTc5",10,5,2,0,0.165833333333333,2
"553","ABISKO:upper_forest:AUFc1",10,6,1,0,0.545839608433735,1
"554","ABISKO:upper_forest:AUFc3",10,12,5,0.285714285714286,0.54185277989614,5
"555","ABISKO:upper_forest:AUFc5",10,12,-5,0.571428571428571,0.536620356387798,5
"556","ABISKO:upper_tundra:AUTc1",10,5,-1,0.5,0.123222748815166,1
"557","ABISKO:upper_tundra:AUTc2",10,6,1,0,0.164480471628592,1
"558","ABISKO:upper_tundra:AUTc3",10,5,-2,0,0.187280701754386,2
"559","ABISKO:upper_tundra:AUTc4",10,7,-5,0,0.38150289017341,5
"560","ABISKO:upper_tundra:AUTc5",10,7,2,0.4,0.2125,2
"561","DISKO:DISTURBANCE:C1.3",28,9,3,0,0.378533231474408,3
"562","DISKO:DISTURBANCE:C4.3",28,10,-2,0.25,0.352209737827715,2
"563","DISKO:DISTURBANCE:C5.3",28,11,2,0.444444444444444,0.111228945726762,2
"564","DISKO:DISTURBANCE:A1.6",28,10,-1,0.444444444444444,0.598885106802822,1
"565","DISKO:DISTURBANCE:A2.2",28,10,-5,0.4,0.147058823529412,5
"566","DISKO:DISTURBANCE:A3.3",28,5,1,0,0.180486086650229,1
"567","DISKO:DISTURBANCE:A4.3",28,9,0,0.444444444444444,0.261779575328615,0
"568","DISKO:DISTURBANCE:A5.1",28,11,3,0.25,0.104076479076479,3
"569","DISKO:DISTURBANCE:A6.1",28,7,-2,0.4,0.0819047619047618,2
"570","DISKO:DISTURBANCE:B1.2",28,12,2,0.2,0.286437246963563,2
"571","DISKO:DISTURBANCE:B2.2",28,12,-2,0.6,0.255086848635236,2
"572","DISKO:DISTURBANCE:B3.4",28,10,-2,0.5,0.242130365659777,2
"573","DISKO:DISTURBANCE:B4.5",28,10,-3,0.285714285714286,0.201162790697674,3
"574","DISKO:DISTURBANCE:B5.2",28,12,1,0.363636363636364,0.118166424770198,1
"575","DISKO:DISTURBANCE:B6.5",28,11,1,0.6,0.20421701018716,1
"576","KILPISJARVI:KILPISJARVI:C1",16,6,0,0,0.416993464052288,0
"577","KILPISJARVI:KILPISJARVI:C2",16,7,-2,0,0.311326860841424,2
"578","KILPISJARVI:KILPISJARVI:C3",16,8,-1,0,0.298122629279301,1
"579","KILPISJARVI:KILPISJARVI:C4",16,8,-1,0.285714285714286,0.249665694527579,1
"580","KILPISJARVI:KILPISJARVI:C5",16,8,-1,0.285714285714286,0.119775903148947,1
"581","LATNJA:DRY_HEATH:C1",21,6,0,0.333333333333333,0.222222222222222,0
"582","LATNJA:DRY_HEATH:C2",21,6,0,0.333333333333333,0.469677419354839,0
"583","LATNJA:DRY_HEATH:C3",21,8,1,0.285714285714286,0.267109634551495,1
"584","LATNJA:DRY_HEATH:C4",21,7,1,0.333333333333333,0.429166666666667,1
"585","LATNJA:DRY_HEATH:C5",13,17,-4,0.153846153846154,0.251786808249949,4
"586","LATNJA:DRY_MEADOW:C1",20,16,-1,0.533333333333333,0.43648473034438,1
"587","LATNJA:DRY_MEADOW:C2",20,19,-3,0.5,0.319166259566846,3
"588","LATNJA:DRY_MEADOW:C3",20,21,-2,0.421052631578947,0.313953488372093,2
"589","LATNJA:DRY_MEADOW:C4",19,15,-5,0.2,0.175104228707564,5
"590","LATNJA:DRY_MEADOW:C5",19,21,-4,0.352941176470588,0.386271529888551,4
"591","LATNJA:WET_MEADOW:C1",22,17,-2,0.533333333333333,0.650914634146341,2
"592","LATNJA:WET_MEADOW:C2",22,16,0,0.625,0.683933933933934,0
"593","LATNJA:WET_MEADOW:C3",22,18,-3,0.666666666666667,0.544409613375131,3
"594","LATNJA:WET_MEADOW:C4",22,15,-1,0.571428571428571,0.773771152296535,1
"595","LATNJA:WET_MEADOW:C5",22,18,-1,0.470588235294118,0.435688405797101,1
"596","LATNJA:TUSSOCK_TUNDRA:C1",21,4,1,0,0.190476190476191,1
"597","LATNJA:TUSSOCK_TUNDRA:C2",21,9,0,0.444444444444444,0.252063015753938,0
"598","LATNJA:TUSSOCK_TUNDRA:C3",21,7,-2,0,0.408212560386473,2
"599","LATNJA:TUSSOCK_TUNDRA:C4",21,6,2,0,0.4375,2
"600","LATNJA:TUSSOCK_TUNDRA:C5",21,9,-1,0.25,0.453846153846154,1
"601","ABISKO:ABISKOWET_FLUX:1_CTL",6,10,-1,0,0.250517598343685,1
"602","ABISKO:ABISKOWET_FLUX:2_CTL",6,11,0,0.363636363636364,0.408481652384091,0
"603","ABISKO:ABISKOWET_FLUX:3_CTL",6,10,3,0,0.35324302134647,3
"604","ABISKO:ABISKOWET_FLUX:4_CTL",6,16,-2,0.571428571428571,0.38760714742633,2
"605","ABISKO:ABISKOWET_FLUX:5_CTL",6,9,-2,0,0.138415696857255,2
"606","ABISKO:ABISKOWET_FLUX:6_CTL",6,14,1,0.307692307692308,0.227335480901979,1
"607","ABISKO:PEATLAND:AA1",13,9,-1,0,0.320781401926987,1
"608","ABISKO:PEATLAND:AA2",13,9,0,0.222222222222222,0.348878711647208,0
"609","ABISKO:PEATLAND:AA3",13,10,0,0.2,0.289234306277489,0
"610","ABISKO:PEATLAND:AA4",13,9,-2,0,0.340491154562384,2
"611","ABISKO:PEATLAND:AA5",13,11,1,0.2,0.299724434441367,1
"612","ABISKO:ABISKODRY_PADDUS:CTL_1",6,13,-2,0,0.192982456140351,2
"613","ABISKO:ABISKODRY_PADDUS:CTL_2",6,14,-2,0.333333333333333,0.477103776390128,2
"614","ABISKO:ABISKODRY_PADDUS:CTL_3",6,16,-3,0.153846153846154,0.513473202744357,3
"615","ABISKO:ABISKODRY_PADDUS:CTL_4",6,18,-4,0.285714285714286,0.376941176470588,4
"616","ABISKO:ABISKODRY_PADDUS:CTL_5",6,16,0,0.25,0.363095238095238,0
"617","ABISKO:ABISKODRY_PADDUS:CTL_6",6,11,4,0,0.156702898550725,4
"618","SADVENT:MES_POINTFRAME:DCUA",11,8,1,0.571428571428571,0.159880133967918,1
"619","SADVENT:MES_POINTFRAME:DDUA",11,9,-2,0.285714285714286,0.494029850746269,2
"620","SADVENT:MES_POINTFRAME:DEUA",9,9,6,0,0.176470588235294,6
"621","SADVENT:MES_POINTFRAME:DFUA",11,9,-1,0.75,0.495934959349593,1
"622","LATNJA:POOR_HEATH:Clip 3 B",18,8,3,0,0.531818181818182,3
"623","LATNJA:POOR_HEATH:Clip 3 C1",6,8,1,0,0.135531135531135,1
"624","LATNJA:POOR_HEATH:Clip 3 C2",18,11,-3,0.5,0.181159420289855,3
"625","LATNJA:POOR_HEATH:Clip 3 C3",6,4,0,0,0.0917008196721312,0
"626","LATNJA:POOR_HEATH:Clip 4 B",18,10,-4,0,0.211538461538462,4
"627","LATNJA:POOR_HEATH:Clip 4 C1",6,8,1,0,0.119433198380567,1
"628","LATNJA:POOR_HEATH:Clip 4 C2",6,6,0,0.333333333333333,0.24113475177305,0
"629","LATNJA:POOR_HEATH:Clip 4 C3",18,8,-2,0.333333333333333,0.343577620173365,2
"630","LATNJA:RICH_MEADOW:Clip 1 B",18,15,-1,0.142857142857143,0.374426807760141,1
"631","LATNJA:RICH_MEADOW:Clip 1 C1",6,13,3,0,0.188644688644689,3
"632","LATNJA:RICH_MEADOW:Clip 1 C2",6,13,-1,0.333333333333333,0.268771929824561,1
"633","LATNJA:RICH_MEADOW:Clip 1 C3",18,15,-1,0.428571428571429,0.183388157894737,1
"634","LATNJA:RICH_MEADOW:Clip 2 B",18,17,1,0.375,0.502423603793467,1
"635","LATNJA:RICH_MEADOW:Clip 2 C1",6,20,0,0.4,0.292780748663102,0
"636","LATNJA:RICH_MEADOW:Clip 2 C2",18,23,-2,0.285714285714286,0.404201680672269,2
"637","LATNJA:RICH_MEADOW:Clip 2 C3",6,15,-1,0.428571428571429,0.215473145780051,1
"638","WOLFCREEK:WOLFCREEK:WOLFCREEK_CTL_11",10,8,1,0.285714285714286,0.0799120234604105,1
"639","TOOLIK:MOIST:17",14,12,0,0.166666666666667,0.255273013995663,0
"640","KANGER:DOPEY:B_GRAZED",13,6,1,0.4,0.391025641025641,1
"641","KANGER:SNEEZY:A_GRAZED",13,3,1,0,0.042063492063492,1
"642","KANGER:SNEEZY:G_GRAZED",11,3,0,0,0.186630036630037,0
"643","ZACKENBERG:ABRASION PLATEAU:A1",11,4,0,0.5,0.35,0
"644","ZACKENBERG:ABRASION PLATEAU:A2",11,3,1,0,0.2,1
"645","ZACKENBERG:ABRASION PLATEAU:A5",11,5,1,0.5,0.15,1
"646","ZACKENBERG:CASSIOPE TETRAGONA HEATH:C2",11,3,1,0,0.0350601779173208,1
"647","ZACKENBERG:CASSIOPE TETRAGONA HEATH:C3",11,4,1,0,0.0285714285714285,1
"648","ZACKENBERG:CASSIOPE TETRAGONA HEATH:C4",11,5,3,0,0.105263157894737,3
"649","ZACKENBERG:FEN:F1",11,8,-4,0.5,0.436170212765957,4
"650","ZACKENBERG:FEN:F2",11,6,2,0.5,0.356503198294243,2
"651","ZACKENBERG:FEN:F3",11,4,2,0,0.401515151515151,2
"652","ZACKENBERG:FEN:F4",11,3,0,0.666666666666667,0.192307692307692,0
"653","ZACKENBERG:FEN:F5",11,4,1,0.666666666666667,0.175,1
"654","ZACKENBERG:GRASSLAND:G1",11,5,-1,0,0.202352941176471,1
"655","ZACKENBERG:GRASSLAND:G2",11,4,1,0,0.104037267080745,1
"656","ZACKENBERG:GRASSLAND:G3",11,3,0,0,0.128482972136223,0
"657","ZACKENBERG:GRASSLAND:G4",11,3,0,0.666666666666667,0.111111111111111,0
"658","ZACKENBERG:GRASSLAND:G5",11,5,1,0,0.202959830866807,1
"659","ZACKENBERG:SALIX ARCTICA SNOWBED:S1",11,6,-2,0.5,0.227368421052632,2
"660","ZACKENBERG:SALIX ARCTICA SNOWBED:S2",11,7,-3,0.5,0.21969696969697,3
"661","ZACKENBERG:SALIX ARCTICA SNOWBED:S3",11,5,-1,0.5,0.0791826309067687,1
"662","ZACKENBERG:SALIX ARCTICA SNOWBED:S4",11,8,-4,0,0.183946488294314,4
"663","ZACKENBERG:SALIX ARCTICA SNOWBED:S5",11,8,0,0.75,0.340958605664488,0
"664","ZACKENBERG:VACCINIUM ULIGONOSUM HEATH:V4",11,3,0,0,0.190981432360743,0
"665","ZACKENBERG:VACCINIUM ULIGONOSUM HEATH:V5",11,4,0,0,0,0
"666","TOOLIK:DRY:3",13,6,-2,0,0.221428571428571,2
"667","TOOLIK:DRY:5",13,6,-2,0,0.309523809523809,2
"668","TOOLIK:DRY:6",13,6,-1,0,0.360991379310345,1
"669","TOOLIK:IMNAVAIT:1",18,9,4,0,0.460171568627451,4
"670","TOOLIK:IMNAVAIT:2",18,10,1,0,0.16212676794133,1
"671","TOOLIK:IMNAVAIT:3",18,10,-3,0.285714285714286,0.240147783251231,3
"672","TOOLIK:IMNAVAIT:4",18,12,2,0.4,0.16637323943662,2
"673","TOOLIK:IMNAVAIT:5",18,7,2,0,0.158988764044944,2
"674","TOOLIK:IMNAVAIT:6",18,14,-1,0.461538461538462,0.214243498817967,1
"675","TOOLIK:IMNAVAIT:7",18,12,3,0.222222222222222,0.383116883116883,3
"676","TOOLIK:IMNAVAIT:8",18,14,-2,0.333333333333333,0.281228433402347,2
"677","TOOLIK:IMNAVAIT:9",18,10,0,0.4,0.237519300051467,0
"678","TOOLIK:IMNAVAIT:10",18,8,0,0,0.368347338935574,0
"679","TOOLIK:IMNAVAIT:11",18,10,-1,0.222222222222222,0.194711538461538,1
"680","TOOLIK:IMNAVAIT:12",18,10,1,0.222222222222222,0.188278165806256,1
"681","TOOLIK:IMNAVAIT:13",18,8,1,0,0.194331983805668,1
"682","TOOLIK:IMNAVAIT:14",18,13,-2,0.181818181818182,0.299626400996264,2
"683","TOOLIK:IMNAVAIT:15",18,9,0,0.444444444444444,0.297101449275362,0
"684","TOOLIK:IMNAVAIT:16",18,8,2,0,0.243550969578367,2
"685","TOOLIK:IMNAVAIT:19",18,10,0,0.4,0.370967741935484,0
"686","TOOLIK:IMNAVAIT:20",18,11,1,0,0.195559754369391,1
"687","TOOLIK:IMNAVAIT:21",18,10,0,0.2,0.332779623477298,0
"688","TOOLIK:IMNAVAIT:22",18,10,-1,0,0.380952380952381,1
"689","TOOLIK:IMNAVAIT:23",18,12,1,0,0.317073170731707,1
"690","TOOLIK:IMNAVAIT:24",18,13,2,0.181818181818182,0.320652173913043,2
"691","TOOLIK:IMNAVAIT:25",18,5,-2,0,0.277721604314122,2
"692","TOOLIK:IMNAVAIT:26",18,11,-2,0.222222222222222,0.422256097560976,2
"693","TOOLIK:IMNAVAIT:27",18,11,2,0.222222222222222,0.308779761904762,2
"694","TOOLIK:IMNAVAIT:28",18,12,-1,0.727272727272727,0.538461538461538,1
"695","TOOLIK:IMNAVAIT:29",18,8,0,0,0.134621012584138,0
"696","TOOLIK:IMNAVAIT:30",18,10,0,0.2,0.317073170731707,0
"697","TOOLIK:IMNAVAIT:31",18,16,-3,0.307692307692308,0.170289855072464,3
"698","TOOLIK:IMNAVAIT:33",18,9,-1,0.25,0.279632006846384,1
"699","TOOLIK:IMNAVAIT:34",18,8,3,0,0.178023161863722,3
"700","TOOLIK:IMNAVAIT:35",18,10,0,0,0.402307692307692,0
"701","TOOLIK:IMNAVAIT:36",18,8,-1,0,0.226381461675579,1
"702","TOOLIK:IMNAVAIT:37",18,10,-2,0.25,0.29128672745694,2
"703","TOOLIK:IMNAVAIT:38",18,15,1,0.285714285714286,0.391881188118812,1
"704","TOOLIK:IMNAVAIT:39",18,10,0,0.4,0.370909090909091,0
"705","TOOLIK:IMNAVAIT:40",18,10,2,0.25,0.311185870479394,2
"706","TOOLIK:IMNAVAIT:41",18,8,3,0,0.207602339181287,3
"707","TOOLIK:IMNAVAIT:42",6,9,-1,0,0.363546798029557,1
"708","TOOLIK:IMNAVAIT:43",18,7,1,0,0.360065466448445,1
"709","TOOLIK:IMNAVAIT:44",18,10,3,0,0.222361546499478,3
"710","TOOLIK:IMNAVAIT:45",18,8,0,0,0.246323529411765,0
"711","TOOLIK:IMNAVAIT:46",18,9,1,0,0.194276279581728,1
"712","TOOLIK:IMNAVAIT:47",18,9,0,0.222222222222222,0.157029823493609,0
"713","TOOLIK:IMNAVAIT:48",18,13,-1,0.166666666666667,0.270731707317073,1
"714","TOOLIK:IMNAVAIT:51",18,10,0,0.4,0.306201550387597,0
"715","TOOLIK:IMNAVAIT:52",18,12,-1,0,0.265569620253164,1
"716","TOOLIK:IMNAVAIT:53",18,12,1,0.181818181818182,0.248855835240275,1
"717","TOOLIK:IMNAVAIT:54",18,11,0,0.363636363636364,0.195141065830721,0
"718","TOOLIK:IMNAVAIT:55",18,8,0,0,0.241335044929397,0
"719","TOOLIK:IMNAVAIT:56",18,13,0,0.153846153846154,0.21889400921659,0
"720","TOOLIK:IMNAVAIT:57",18,13,3,0.2,0.203125,3
"721","TOOLIK:IMNAVAIT:58",6,2,0,0,0.125177809388336,0
"722","TOOLIK:IMNAVAIT:59",18,9,2,0.285714285714286,0.2075,2
"723","TOOLIK:IMNAVAIT:60",18,9,-1,0,0.208436724565757,1
"724","TOOLIK:IMNAVAIT:61",18,8,0,0,0.172473867595819,0
"725","TOOLIK:IMNAVAIT:62",18,13,6,0.285714285714286,0.32260162601626,6
"726","TOOLIK:IMNAVAIT:63",12,12,2,0.4,0.352300242130751,2
"727","TOOLIK:IMNAVAIT:65",18,9,0,0.222222222222222,0.20042735042735,0
"728","TOOLIK:IMNAVAIT:66",18,10,1,0.444444444444444,0.205733130390665,1
"729","TOOLIK:IMNAVAIT:67",18,8,1,0,0.434758970641537,1
"730","TOOLIK:IMNAVAIT:68",18,8,3,0,0.264652014652015,3
"731","TOOLIK:IMNAVAIT:69",18,9,-2,0,0.3671826625387,2
"732","TOOLIK:IMNAVAIT:70",18,9,0,0,0.242502343017807,0
"733","TOOLIK:IMNAVAIT:71",18,8,0,0,0.160135462022254,0
"734","TOOLIK:MOIST:13",14,11,-1,0,0.264213564213564,1
"735","TOOLIK:MOIST:18",14,11,-2,0.222222222222222,0.29874686716792,2
"736","TOOLIK:TUSSOCKGRID:1",18,12,0,0.333333333333333,0.416860916860917,0
"737","TOOLIK:TUSSOCKGRID:2",18,11,-2,0.444444444444444,0.191919191919192,2
"738","TOOLIK:TUSSOCKGRID:3",18,9,1,0.25,0.307894736842105,1
"739","TOOLIK:TUSSOCKGRID:4",18,6,0,0,0.141583054626533,0
"740","TOOLIK:TUSSOCKGRID:5",18,10,0,0.4,0.160607704829083,0
"741","TOOLIK:TUSSOCKGRID:6",18,11,2,0.222222222222222,0.152143569292124,2
"742","TOOLIK:TUSSOCKGRID:7",18,11,-1,0.2,0.164653784219002,1
"743","TOOLIK:TUSSOCKGRID:8",18,8,2,0,0.269350351824579,2
"744","TOOLIK:TUSSOCKGRID:9",18,9,0,0.222222222222222,0.1944669365722,0
"745","TOOLIK:TUSSOCKGRID:10",18,10,-3,0.285714285714286,0.212962962962963,3
"746","TOOLIK:TUSSOCKGRID:11",18,8,2,0,0.306501547987616,2
"747","TOOLIK:TUSSOCKGRID:12",18,10,1,0.222222222222222,0.315628815628816,1
"748","TOOLIK:TUSSOCKGRID:13",18,9,-3,0,0.165132547864507,3
"749","TOOLIK:TUSSOCKGRID:14",18,11,-1,0.4,0.450420168067227,1
"750","TOOLIK:TUSSOCKGRID:15",18,13,0,0.307692307692308,0.27940929686189,0
"751","TOOLIK:TUSSOCKGRID:16",18,7,1,0,0.204240472356414,1
"752","TOOLIK:TUSSOCKGRID:17",18,10,0,0.2,0.164321789321789,0
"753","TOOLIK:TUSSOCKGRID:18",18,11,-2,0.222222222222222,0.267247267759563,2
"754","TOOLIK:TUSSOCKGRID:19",18,11,2,0.222222222222222,0.290731707317073,2
"755","TOOLIK:TUSSOCKGRID:20",18,7,0,0,0.146853146853147,0
"756","TOOLIK:TUSSOCKGRID:21",18,7,2,0,0.229096989966555,2
"757","TOOLIK:TUSSOCKGRID:22",18,18,-3,0.533333333333333,0.23572228443449,3
"758","TOOLIK:TUSSOCKGRID:23",18,11,3,0.25,0.174303683737646,3
"759","TOOLIK:TUSSOCKGRID:24",18,9,1,0,0.153197925669836,1
"760","TOOLIK:TUSSOCKGRID:25",18,9,1,0.5,0.196396396396396,1
"761","TOOLIK:TUSSOCKGRID:26",18,8,2,0,0.252621359223301,2
"762","TOOLIK:TUSSOCKGRID:27",18,10,0,0.2,0.14655737704918,0
"763","TOOLIK:TUSSOCKGRID:28",18,8,0,0.25,0.22014652014652,0
"764","TOOLIK:TUSSOCKGRID:29",18,8,3,0,0.423529411764706,3
"765","TOOLIK:TUSSOCKGRID:30",18,6,0,0,0.0631299734748011,0
"766","TOOLIK:TUSSOCKGRID:31",18,9,1,0.25,0.220672478206725,1
"767","TOOLIK:TUSSOCKGRID:32",18,10,-2,0,0.215795328142381,2
"768","TOOLIK:TUSSOCKGRID:33",18,9,-2,0,0.2,2
"769","TOOLIK:TUSSOCKGRID:34",18,11,-1,0.2,0.281385281385281,1
"770","TOOLIK:TUSSOCKGRID:35",18,8,2,0,0.15,2
"771","TOOLIK:TUSSOCKGRID:36",18,5,0,0.4,0.118729096989967,0
"772","TOOLIK:TUSSOCKGRID:37",18,10,-2,0.25,0.336559139784946,2
"773","TOOLIK:TUSSOCKGRID:38",18,9,1,0,0.129578246392897,1
"774","TOOLIK:TUSSOCKGRID:39",18,11,1,0.2,0.20109096270087,1
"775","TOOLIK:TUSSOCKGRID:40",18,8,-1,0,0.209508881922675,1
"776","TOOLIK:TUSSOCKGRID:41",18,10,1,0,0.351093951093951,1
"777","TOOLIK:TUSSOCKGRID:42",18,12,3,0,0.341304347826087,3
"778","TOOLIK:TUSSOCKGRID:43",18,10,2,0,0.150561520424534,2
"779","TOOLIK:TUSSOCKGRID:44",18,7,1,0,0.214477812640072,1
"780","TOOLIK:TUSSOCKGRID:45",18,10,-2,0.5,0.277647058823529,2
"781","TOOLIK:TUSSOCKGRID:46",18,9,0,0,0.241958041958042,0
"782","TOOLIK:TUSSOCKGRID:47",18,9,0,0.222222222222222,0.185227272727273,0
"783","TOOLIK:TUSSOCKGRID:48",18,8,1,0.285714285714286,0.173342175066313,1
"784","TOOLIK:TUSSOCKGRID:49",18,8,2,0,0.138997078870497,2
"785","TOOLIK:TUSSOCKGRID:50",18,9,-5,0,0.158102766798419,5
"786","TOOLIK:TUSSOCKGRID:52",18,12,-3,0,0.290135396518375,3
"787","TOOLIK:TUSSOCKGRID:53",18,10,-3,0.285714285714286,0.212747252747253,3
"788","TOOLIK:TUSSOCKGRID:55",18,11,-1,0.2,0.229875283446712,1
"789","TOOLIK:TUSSOCKGRID:56",18,13,-2,0,0.238139534883721,2
"790","TOOLIK:TUSSOCKGRID:57",18,13,0,0.461538461538462,0.306547619047619,0
"791","TOOLIK:TUSSOCKGRID:58",18,10,4,0,0.184518013631938,4
"792","TOOLIK:TUSSOCKGRID:59",18,11,1,0,0.236965811965812,1
"793","TOOLIK:TUSSOCKGRID:60",18,12,0,0.333333333333333,0.194444444444444,0
"794","TOOLIK:TUSSOCKGRID:61",18,13,-2,0.363636363636364,0.31582469053195,2
"795","TOOLIK:TUSSOCKGRID:62",18,5,-3,0,0.281684981684982,3
"796","TOOLIK:TUSSOCKGRID:63",18,14,0,0.285714285714286,0.173076923076923,0
"797","TOOLIK:TUSSOCKGRID:64",18,9,-1,0,0.186680469289165,1
"798","TOOLIK:TUSSOCKGRID:65",18,7,-1,0.333333333333333,0.127199413489736,1
"799","TOOLIK:TUSSOCKGRID:66",18,12,-1,0.181818181818182,0.16080309449254,1
"800","TOOLIK:TUSSOCKGRID:67",18,9,0,0.222222222222222,0.310064935064935,0
"801","TOOLIK:TUSSOCKGRID:68",18,10,-1,0.444444444444444,0.432242990654206,1
"802","TOOLIK:TUSSOCKGRID:69",18,10,4,0,0.30718085106383,4
"803","TOOLIK:TUSSOCKGRID:70",18,10,-1,0.444444444444444,0.209968186638388,1
"804","TOOLIK:TUSSOCKGRID:72",18,7,-3,0,0.310924369747899,3
"805","TOOLIK:TUSSOCKGRID:74",18,8,1,0.285714285714286,0.198581560283688,1
"806","TOOLIK:TUSSOCKGRID:75",18,10,-1,0.222222222222222,0.296326530612245,1
"807","TOOLIK:TUSSOCKGRID:76",18,10,2,0,0.258241758241758,2
"808","TOOLIK:TUSSOCKGRID:77",18,11,1,0.4,0.163945578231292,1
"809","TOOLIK:TUSSOCKGRID:78",18,10,3,0.285714285714286,0.225,3
"810","TOOLIK:TUSSOCKGRID:79",18,10,0,0.4,0.200111482720178,0
"811","TOOLIK:TUSSOCKGRID:80",18,6,-1,0,0.21474358974359,1
"812","TOOLIK:TUSSOCKGRID:81",18,5,-1,0,0.107142857142857,1
"813","TOOLIK:TUSSOCKGRID:83",18,13,0,0.307692307692308,0.361042183622829,0
"814","TOOLIK:TUSSOCKGRID:84",18,7,1,0.333333333333333,0.305429864253394,1
"815","TOOLIK:TUSSOCKGRID:85",18,16,2,0.428571428571429,0.288896276595745,2
"816","TOOLIK:TUSSOCKGRID:51",12,12,4,0.25,0.282932416953035,4
"817","TOOLIK:TUSSOCKGRID:54",12,12,1,0.545454545454545,0.223325062034739,1
"818","TOOLIK:TUSSOCKGRID:82",6,15,-3,0.333333333333333,0.230959752321981,3
"819","ANWR:ATIGUN-A:1",10,6,1,0.4,0.0833333333333333,1
"820","ANWR:ATIGUN-A:2",10,3,0,0,0.055921052631579,0
"821","ANWR:ATIGUN-A:3",10,3,-1,0,0.05,1
"822","ANWR:ATIGUN-A:4",10,5,-1,0.5,0.341176470588235,1
"823","ANWR:ATIGUN-A:6",10,4,-1,0,0.0271493212669682,1
"824","ANWR:ATIGUN-A:7",10,5,0,0.8,0.08,0
"825","ANWR:ATIGUN-A:8",10,8,-3,0,0.103191489361702,3
"826","ANWR:ATIGUN-A:9",10,5,-2,0,0.14039039039039,2
"827","ANWR:ATIGUN-A:10",10,6,-1,0.4,0.126436781609195,1
"828","ANWR:ATIGUN-A:5",5,3,-1,0,0.0833333333333334,1
"829","ANWR:ATIGUN-B:1",10,5,-1,0,0.121483375959079,1
"830","ANWR:ATIGUN-B:2",10,5,2,0,0.166935483870968,2
"831","ANWR:ATIGUN-B:3",10,6,-1,0.4,0.154761904761905,1
"832","ANWR:ATIGUN-B:4",10,6,0,0.333333333333333,0.29868578255675,0
"833","ANWR:ATIGUN-B:5",10,7,1,0.333333333333333,0.13049853372434,1
"834","ANWR:ATIGUN-B:6",10,4,0,0,0.258333333333333,0
"835","ANWR:ATIGUN-B:7",10,6,-1,0,0.165413533834586,1
"836","ANWR:ATIGUN-B:8",10,6,1,0.4,0.40625,1
"837","ANWR:ATIGUN-B:9",5,5,0,0.4,0.134444444444445,0
"838","ANWR:ATIGUN-B:10",5,6,1,0.4,0.296791443850267,1
"839","ANWR:ATIGUN-C:1",10,7,2,0,0.208071084783414,2
"840","ANWR:ATIGUN-C:2",10,7,0,0.285714285714286,0.309590690208668,0
"841","ANWR:ATIGUN-C:3",10,11,3,0.25,0.210232558139535,3
"842","ANWR:ATIGUN-C:4",10,6,0,0.333333333333333,0.182142857142857,0
"843","ANWR:ATIGUN-C:5",10,7,1,0,0.221722587340021,1
"844","ANWR:ATIGUN-C:6",10,13,-3,0.4,0.232683982683983,3
"845","ANWR:ATIGUN-C:7",10,6,-1,0,0.137254901960784,1
"846","ANWR:ATIGUN-C:8",10,7,-1,0.333333333333333,0.285560344827586,1
"847","ANWR:ATIGUN-C:9",10,7,0,0.285714285714286,0.234022556390977,0
"848","ANWR:ATIGUN-C:10",10,4,0,0.5,0.238738738738739,0
"849","ANWR:JAGO-A:1",9,10,0,0.2,0.13921188630491,0
"850","ANWR:JAGO-A:2",9,8,-1,0,0.204997534111458,1
"851","ANWR:JAGO-A:3",9,11,0,0.363636363636364,0.185328683972621,0
"852","ANWR:JAGO-A:4",9,8,-1,0,0.200300701637153,1
"853","ANWR:JAGO-A:5",9,12,-4,0,0.142840066937605,4
"854","ANWR:JAGO-A:6",9,12,1,0.181818181818182,0.148888888888889,1
"855","ANWR:JAGO-A:7",9,13,-1,0.166666666666667,0.118791697553743,1
"856","ANWR:JAGO-A:8",9,11,-2,0,0.285584604212055,2
"857","ANWR:JAGO-A:9",9,15,1,0.428571428571429,0.173091178650853,1
"858","ANWR:JAGO-A:10",9,12,2,0,0.169067796610169,2
"859","ANWR:JAGO-B:1",9,14,-2,0.166666666666667,0.217582417582418,2
"860","ANWR:JAGO-B:2",9,14,2,0.333333333333333,0.220849420849421,2
"861","ANWR:JAGO-B:3",9,12,0,0.333333333333333,0.186781609195402,0
"862","ANWR:JAGO-B:4",9,17,-1,0.25,0.233333333333333,1
"863","ANWR:JAGO-B:5",9,17,0,0.235294117647059,0.162386891660553,0
"864","ANWR:JAGO-B:6",9,15,1,0.285714285714286,0.137931034482759,1
"865","ANWR:JAGO-B:7",9,13,-1,0.333333333333333,0.333333333333333,1
"866","ANWR:JAGO-B:8",9,18,-2,0.125,0.35691573926868,2
"867","ANWR:JAGO-B:9",9,14,3,0.363636363636364,0.227720065609623,3
"868","ANWR:JAGO-B:10",9,12,1,0.181818181818182,0.242763157894737,1
"869","BROOKS:SHEEN-B:2",5,9,-2,0,0.244512899499422,2
"870","BROOKS:SHEEN-B:4",10,15,2,0.461538461538462,0.180412371134021,2
"871","BROOKS:SHEEN-B:5",10,9,-1,0,0.0616600790513834,1
"872","BROOKS:SHEEN-B:6",10,14,-1,0.307692307692308,0.283150183150183,1
"873","BROOKS:SHEEN-B:7",10,16,0,0.25,0.176044474393531,0
"874","BROOKS:SHEEN-B:8",10,14,1,0.153846153846154,0.284442085397499,1
"875","BROOKS:SHEEN-B:9",10,12,-1,0.181818181818182,0.189350064350064,1
"876","BROOKS:SHEEN-B:10",10,16,-1,0.266666666666667,0.333447802197802,1
"877","ENDALEN:BIS-H:BIS-H1",6,5,-3,0,0.839598997493734,3
"878","ENDALEN:BIS-H:BIS-H2",6,9,-1,0.25,0.166666666666667,1
"879","ENDALEN:BIS-H:BIS-H3",6,7,0,0.571428571428571,0.688888888888889,0
"880","ENDALEN:BIS-H:BIS-H5",6,5,1,0,0.259090909090909,1
"881","ENDALEN:BIS-H:BIS-H4",6,6,-3,0,0.211764705882353,3
"882","ENDALEN:CAS-H:CAS-H1",6,4,1,0.666666666666667,0.191011235955056,1
"883","ENDALEN:CAS-H:CAS-H2",6,7,-1,0.333333333333333,0.227549776513612,1
"884","ENDALEN:CAS-H:CAS-H3",6,3,0,0,0.0357142857142857,0
"885","ENDALEN:CAS-H:CAS-H4",6,5,-1,0,0.241971207087486,1
"886","ENDALEN:CAS-H:CAS-H5",6,5,-2,0,0.200424178154825,2
"887","ENDALEN:DRY-H:DRY-H1",6,6,0,0.666666666666667,0.175,0
"888","ENDALEN:DRY-H:DRY-H2",6,8,-3,0,0.120251177394035,3
"889","ENDALEN:DRY-H:DRY-H3",6,5,-1,0,0.176767676767677,1
"890","ENDALEN:DRY-H:DRY-H4",6,10,4,0.333333333333333,0.300769230769231,4
"891","ENDALEN:DRY-H:DRY-H5",6,6,-1,0,0.234848484848485,1
"892","AUYUITTUQ:OWL RIVER:14",7,9,-1,0.75,0.303030303030303,1
"893","ATQASUK:AD:ADC01",20,7,-1,0,0.319047619047619,1
"894","ATQASUK:AD:ADC02",20,8,-1,0,0.250248262164846,1
"895","ATQASUK:AD:ADC03",20,10,1,0.222222222222222,0.387456816369918,1
"896","ATQASUK:AD:ADC04",20,7,0,0.285714285714286,0.515232974910394,0
"897","ATQASUK:AD:ADC05",20,7,1,0,0.279024390243902,1
"898","ATQASUK:AD:ADC06",20,8,1,0.285714285714286,0.307692307692308,1
"899","ATQASUK:AD:ADC07",20,8,0,0.25,0.256987577639751,0
"900","ATQASUK:AD:ADC08",20,9,2,0,0.318181818181818,2
"901","ATQASUK:AD:ADC09",20,8,-1,0.285714285714286,0.50679347826087,1
"902","ATQASUK:AD:ADC10",20,9,-1,0,0.249037227214377,1
"903","ATQASUK:AD:ADC11",20,7,0,0,0.33161068044789,0
"904","ATQASUK:AD:ADC12",20,8,2,0,0.255555555555555,2
"905","ATQASUK:AD:ADC13",20,10,3,0,0.402312599681021,3
"906","ATQASUK:AD:ADC14",20,8,0,0.25,0.317099567099567,0
"907","ATQASUK:AD:ADC15",20,7,-2,0,0.418269230769231,2
"908","ATQASUK:AD:ADC16",20,7,1,0,0.348809523809524,1
"909","ATQASUK:AD:ADC17",20,7,0,0.285714285714286,0.351003602676274,0
"910","ATQASUK:AD:ADC18",20,8,1,0.285714285714286,0.284710605553697,1
"911","ATQASUK:AD:ADC19",22,8,0,0,0.24390243902439,0
"912","ATQASUK:AD:ADC20",22,7,0,0,0.251540616246499,0
"913","ATQASUK:AD:ADC21",22,7,0,0,0.288327526132404,0
"914","ATQASUK:AD:ADC22",22,7,0,0,0.159777424483307,0
"915","ATQASUK:AD:ADC23",22,8,2,0,0.46045197740113,2
"916","ATQASUK:AD:ADC24",20,6,0,0,0.238752877170956,0
"917","ATQASUK:AW:AWC01",15,9,-3,0.666666666666667,0.633333333333333,3
"918","ATQASUK:AW:AWC02",10,7,1,0.333333333333333,0.2218782249742,1
"919","ATQASUK:AW:AWC03",10,8,3,0,0.36031984007996,3
"920","ATQASUK:AW:AWC04",15,8,1,0.285714285714286,0.26091888825865,1
"921","ATQASUK:AW:AWC06",15,7,-1,0.333333333333333,0.425585284280936,1
"922","ATQASUK:AW:AWC08",10,8,-2,0,0.252454991816694,2
"923","ATQASUK:AW:AWC10",20,8,0,0.5,0.166011014948859,0
"924","ATQASUK:AW:AWC11",20,7,0,0.285714285714286,0.269850402761795,0
"925","ATQASUK:AW:AWC13",20,8,2,0.333333333333333,0.204282204282204,2
"926","ATQASUK:AW:AWC15",20,4,0,0,0.216184148077836,0
"927","ATQASUK:AW:AWC16",20,9,0,0.444444444444444,0.283340257582052,0
"928","ATQASUK:AW:AWC18",20,6,3,0,0.325,3
"929","ATQASUK:AW:AWC05",19,7,-1,0,0.145276292335116,1
"930","ATQASUK:AW:AWC12",17,6,0,0.333333333333333,0.590909090909091,0
"931","ATQASUK:AW:AWC14",17,8,1,0.285714285714286,0.353559483994267,1
"932","ATQASUK:AW:AWC17",17,7,2,0,0.379076086956522,2
"933","ATQASUK:AW:AWC19",7,4,1,0,0.108974358974359,1
"934","ATQASUK:AW:AWC20",17,6,1,0,0.20351676978183,1
"935","ATQASUK:AW:AWC22",17,3,0,0,0.0845295055821373,0
"936","ATQASUK:AW:AWC23",17,7,3,0,0.273224043715847,3
"937","ATQASUK:AW:AWC09",12,8,-1,0.285714285714286,0.122593384893862,1
"938","ATQASUK:AW:AWC24",5,7,1,0,0.14484126984127,1
"939","BARROW:BD:BDC01",22,9,-1,0.25,0.162662662662663,1
"940","BARROW:BD:BDC02",22,13,4,0.222222222222222,0.345930232558139,4
"941","BARROW:BD:BDC03",22,10,-4,0.333333333333333,0.398809523809524,4
"942","BARROW:BD:BDC04",22,9,0,0.444444444444444,0.317049808429119,0
"943","BARROW:BD:BDC05",22,10,3,0.285714285714286,0.311188811188811,3
"944","BARROW:BD:BDC06",22,10,-3,0.285714285714286,0.258678611422172,3
"945","BARROW:BD:BDC07",22,9,-3,0,0.288333333333333,3
"946","BARROW:BD:BDC08",22,9,2,0.571428571428571,0.311111111111111,2
"947","BARROW:BD:BDC09",22,10,-3,0.285714285714286,0.46676146462851,3
"948","BARROW:BD:BDC10",22,14,-3,0.545454545454545,0.294815891472868,3
"949","BARROW:BD:BDC11",22,9,-2,0.285714285714286,0.284931506849315,2
"950","BARROW:BD:BDC12",22,10,-4,0,0.166666666666667,4
"951","BARROW:BD:BDC13",22,9,2,0,0.158648648648649,2
"952","BARROW:BD:BDC14",22,8,3,0,0.292307692307692,3
"953","BARROW:BD:BDC15",22,11,0,0.363636363636364,0.235507246376812,0
"954","BARROW:BD:BDC16",22,7,0,0.571428571428571,0.257575757575758,0
"955","BARROW:BD:BDC17",24,6,1,0,0.269154228855721,1
"956","BARROW:BD:BDC18",24,8,-2,0.333333333333333,0.1875,2
"957","BARROW:BD:BDC19",24,5,1,0,0.0916949675825872,1
"958","BARROW:BD:BDC20",22,8,2,0,0.132600480934387,2
"959","BARROW:BD:BDC21",24,8,-1,0.285714285714286,0.227439024390244,1
"960","BARROW:BD:BDC22",22,7,2,0,0.087121212121212,2
"961","BARROW:BD:BDC23",24,7,2,0,0.170980392156863,2
"962","BARROW:BD:BDC24",22,5,2,0,0.140434192672999,2
"963","BARROW:BW:BWC01",21,16,7,0.444444444444444,0.377425944841675,7
"964","BARROW:BW:BWC02",21,18,1,0.470588235294118,0.221952612046817,1
"965","BARROW:BW:BWC03",21,13,-4,0.222222222222222,0.289288928892889,4
"966","BARROW:BW:BWC05",23,16,-1,0.4,0.288095238095238,1
"967","BARROW:BW:BWC06",23,13,-4,0.444444444444444,0.358831044394762,4
"968","BARROW:BW:BWC07",21,15,5,0.2,0.317099567099567,5
"969","BARROW:BW:BWC08",21,15,6,0.444444444444444,0.355311355311355,6
"970","BARROW:BW:BWC09",21,16,-2,0.428571428571429,0.491490810074881,2
"971","BARROW:BW:BWC10",21,15,-4,0.363636363636364,0.292406613594611,4
"972","BARROW:BW:BWC12",21,15,-2,0.307692307692308,0.341284038958458,2
"973","BARROW:BW:BWC13",21,16,3,0.307692307692308,0.42606100795756,3
"974","BARROW:BW:BWC18",21,16,-1,0.666666666666667,0.711812235475183,1
"975","BARROW:BW:BWC19",21,12,2,0.4,0.572585830011573,2
"976","BARROW:BW:BWC21",21,16,3,0.615384615384615,0.395471056495865,3
"977","BARROW:BW:BWC22",21,14,1,0.307692307692308,0.456228956228956,1
"978","BARROW:BW:BWC23",21,16,-3,0.307692307692308,0.263074169815073,3
"979","BARROW:BW:BWC24",21,12,-1,0.181818181818182,0.212264150943396,1
"980","BARROW:BW:BWC04",17,14,-1,0.307692307692308,0.468264736921453,1
"981","BARROW:BW:BWC17",17,10,3,0.285714285714286,0.463157894736842,3
"982","BARROW:BW:BWC20",17,12,-7,0,0.46729917773561,7
"983","BARROW:BW:BWC11",5,16,-1,0.533333333333333,0.263725490196078,1
"984","BARROW:BW:BWC14",5,14,0,0.428571428571429,0.301978818283166,0
"985","BARROW:BW:BWC15",5,15,-1,0.285714285714286,0.184644957033017,1
"986","BARROW:BW:BWC16",5,14,0,0.285714285714286,0.23489010989011,0
"987","ATQASUK:AG:AGCA04",9,4,0,0,0.281214848143982,0
"988","ATQASUK:AG:AGCA05",9,5,0,0,0.241935483870968,0
"989","ATQASUK:AG:AGCA06",9,7,1,0,0.226245113037566,1
"990","ATQASUK:AG:AGCA02",9,9,1,0.5,0.30988455988456,1
"991","ATQASUK:AG:AGCA03",9,6,0,0,0.186050156739812,0
"992","ATQASUK:AG:AGCA07",9,8,1,0,0.142066128777092,1
"993","ATQASUK:AG:AGCA09",9,8,0,0.25,0.263274336283186,0
"994","ATQASUK:AG:AGCA10",9,6,0,0,0.131777893639208,0
"995","ATQASUK:AG:AGCB02",9,6,0,0,0.348914243651086,0
"996","ATQASUK:AG:AGCB03",9,12,-2,0.2,0.472089314194577,2
"997","ATQASUK:AG:AGCB04",9,7,1,0.333333333333333,0.167723749119098,1
"998","ATQASUK:AG:AGCB07",9,7,-1,0,0.364077669902913,1
"999","ATQASUK:AG:AGCB08",9,9,1,0,0.255494505494506,1
"1000","ATQASUK:AG:AGCB09",9,9,-3,0,0.3618259118371,3
"1001","ATQASUK:AG:AGCB10",9,14,-2,0.166666666666667,0.308497326811512,2
"1002","ATQASUK:AG:AGCB11",9,6,1,0,0.179562803608605,1
"1003","ATQASUK:AG:AGCC05",9,8,-1,0.285714285714286,0.511409736308316,1
"1004","ATQASUK:AG:AGCC06",6,10,0,0.4,0.598343685300207,0
"1005","ATQASUK:AG:AGCC08",9,9,-1,0.25,0.166344916344916,1
"1006","ATQASUK:AG:AGCC09",9,5,0,0,0.17960088691796,0
"1007","ATQASUK:AG:AGCC10",9,5,1,0,0.15,1
"1008","ATQASUK:AG:AGCC11",9,7,1,0,0.168949771689498,1
"1009","ATQASUK:AG:AGCD02",9,5,0,0,0.324478178368121,0
"1010","ATQASUK:AG:AGCD03",9,5,0,0,0.24027678358387,0
"1011","ATQASUK:AG:AGCD04",9,5,1,0,0.148550724637681,1
"1012","ATQASUK:AG:AGCD05",9,11,0,0.181818181818182,0.244444444444444,0
"1013","ATQASUK:AG:AGCD06",9,9,0,0,0.227737226277372,0
"1014","ATQASUK:AG:AGCD07",9,8,1,0,0.209761904761905,1
"1015","ATQASUK:AG:AGCD08",9,8,-1,0,0.154177594604721,1
"1016","ATQASUK:AG:AGCD10",9,8,1,0,0.183423640377283,1
"1017","ATQASUK:AG:AGCD11",9,7,-2,0,0.168780831571529,2
"1018","ATQASUK:AG:AGCE02",9,8,0,0.25,0.512619047619048,0
"1019","ATQASUK:AG:AGCE03",9,5,0,0,0.260561208757323,0
"1020","ATQASUK:AG:AGCE04",9,7,1,0.333333333333333,0.342592592592593,1
"1021","ATQASUK:AG:AGCE06",9,7,-1,0,0.206552706552707,1
"1022","ATQASUK:AG:AGCE07",9,9,0,0.222222222222222,0.201542912246866,0
"1023","ATQASUK:AG:AGCE08",9,11,3,0.25,0.32953431372549,3
"1024","ATQASUK:AG:AGCE09",9,10,-1,0.222222222222222,0.133673469387755,1
"1025","ATQASUK:AG:AGCE11",9,9,-2,0.285714285714286,0.247641791044776,2
"1026","ATQASUK:AG:AGCF02",9,8,1,0,0.272531769305963,1
"1027","ATQASUK:AG:AGCF05",9,6,1,0,0.201118326118326,1
"1028","ATQASUK:AG:AGCF06",9,10,3,0.285714285714286,0.136353077816492,3
"1029","ATQASUK:AG:AGCF07",9,4,0,0.5,0.374157991426822,0
"1030","ATQASUK:AG:AGCF08",9,1,0,0,0,0
"1031","ATQASUK:AG:AGCF10",9,3,-1,0,0.266158536585366,1
"1032","ATQASUK:AG:AGCG02",9,5,1,0,0.160628844839371,1
"1033","ATQASUK:AG:AGCG03",9,8,-2,0,0.262263790799771,2
"1034","ATQASUK:AG:AGCG05",9,7,2,0,0.102335928809789,2
"1035","ATQASUK:AG:AGCG06",9,7,0,0,0.234650835806905,0
"1036","ATQASUK:AG:AGCG07",9,2,1,0,0.0289855072463769,1
"1037","ATQASUK:AG:AGCG10",9,7,3,0,0.280753968253968,3
"1038","ATQASUK:AG:AGCG11",9,9,0,0.222222222222222,0.233603537214444,0
"1039","ATQASUK:AG:AGCH02",9,10,0,0.4,0.309169149288315,0
"1040","ATQASUK:AG:AGCH03",9,8,-2,0,0.246376811594203,2
"1041","ATQASUK:AG:AGCH04",9,9,1,0.5,0.206061994197588,1
"1042","ATQASUK:AG:AGCH10",9,1,0,0,0,0
"1043","ATQASUK:AG:AGCH11",9,9,1,0.25,0.285623611551888,1
"1044","ATQASUK:AG:AGCI03",9,9,-3,0.333333333333333,0.268817204301075,3
"1045","ATQASUK:AG:AGCI04",9,10,-1,0.222222222222222,0.186213181987655,1
"1046","ATQASUK:AG:AGCI06",9,7,0,0.571428571428571,0.277562111801242,0
"1047","ATQASUK:AG:AGCI11",9,8,4,0,0.229249011857707,4
"1048","ATQASUK:AG:AGCJ02",9,7,0,0,0.352569782897652,0
"1049","ATQASUK:AG:AGCJ03",9,10,-1,0.222222222222222,0.32890365448505,1
"1050","ATQASUK:AG:AGCJ04",9,10,-1,0.222222222222222,0.166666666666667,1
"1051","ATQASUK:AG:AGCJ05",9,7,0,0.285714285714286,0.35251572327044,0
"1052","ATQASUK:AG:AGCJ09",9,1,0,0,0,0
"1053","ATQASUK:AG:AGCJ10",9,6,-1,0.4,0.282978723404255,1
"1054","ATQASUK:AG:AGCJ11",9,9,-1,0.25,0.264681295715779,1
"1055","ATQASUK:AG:AGCH06",7,2,1,0,0.0933333333333334,1
"1056","ATQASUK:AG:AGCI05",7,9,1,0.25,0.550584212026218,1
"1057","ATQASUK:AG:AGCB06",6,3,1,0,0.0378787878787877,1
"1058","BARROW:BG:BGCF11",9,11,-2,0.222222222222222,0.363404255319149,2
"1059","BARROW:BG:BGCH11",6,12,-3,0.444444444444444,0.553782505910165,3
"1060","BARROW:BG:BGCJ11",9,11,-2,0.444444444444444,0.5,2
"1061","BARROW:BG:BGCC10",9,7,0,0.571428571428571,0.202941176470588,0
"1062","BARROW:BG:BGCF10",9,11,-2,0.222222222222222,0.249671361502347,2
"1063","BARROW:BG:BGCG10",9,12,-3,0.222222222222222,0.456856426781239,3
"1064","BARROW:BG:BGCB09",9,11,0,0.363636363636364,0.384812030075188,0
"1065","BARROW:BG:BGCE09",9,12,-5,0.285714285714286,0.557932263814617,5
"1066","BARROW:BG:BGCF09",9,8,0,0.25,0.430194805194805,0
"1067","BARROW:BG:BGCE08",9,6,0,0.333333333333333,0.209979679385866,0
"1068","BARROW:BG:BGCF08",9,15,-3,0.333333333333333,0.401883239171375,3
"1069","BARROW:BG:BGCG08",9,7,3,0,0.278014184397163,3
"1070","BARROW:BG:BGCC07",9,4,-1,0.666666666666667,0.157894736842105,1
"1071","BARROW:BG:BGCE07",9,7,3,0,0.27906162464986,3
"1072","BARROW:BG:BGCF07",7,11,1,0.4,0.447154471544715,1
"1073","BARROW:BG:BGCK07",9,7,0,0.285714285714286,0.417014178482068,0
"1074","BARROW:BG:BGCB06",9,9,-5,0,0.396731805929919,5
"1075","BARROW:BG:BGCE06",9,12,0,0.5,0.256666666666667,0
"1076","BARROW:BG:BGCF06",8,10,-3,0.285714285714286,0.310652920962199,3
"1077","BARROW:BG:BGCB05",9,10,0,0.4,0.304263565891473,0
"1078","BARROW:BG:BGCE05",9,11,-1,0.2,0.4736680955297,1
"1079","BARROW:BG:BGCF05",9,13,0,0.461538461538462,0.505760368663595,0
"1080","BARROW:BG:BGCG05",8,3,1,0,0.0902255639097745,1
"1081","BARROW:BG:BGCH05",9,10,-1,0.666666666666667,0.641857506361323,1
"1082","BARROW:BG:BGCI05",9,3,0,0,0.111694152923538,0
"1083","BARROW:BG:BGCK05",9,12,-1,0.363636363636364,0.17760989010989,1
"1084","BARROW:BG:BGCC04",9,4,-2,0,0.174748923959828,2
"1085","BARROW:BG:BGCD04",9,9,-2,0.285714285714286,0.226842105263158,2
"1086","BARROW:BG:BGCE04",9,12,-2,0.4,0.42252984505969,2
"1087","BARROW:BG:BGCF04",7,11,-7,0.5,0.48780487804878,7
"1088","BARROW:BG:BGCG04",9,6,-2,0,0.195936139332366,2
"1089","BARROW:BG:BGCC03",9,17,-6,0.181818181818182,0.459842289719626,6
"1090","BARROW:BG:BGCD03",9,10,1,0.444444444444444,0.0727891156462584,1
"1091","BARROW:BG:BGCH03",9,3,1,0,0.27536231884058,1
"1092","BARROW:BG:BGCK03",9,8,-1,0.285714285714286,0.230555555555556,1
"1093","BARROW:BG:BGCB02",9,11,1,0.6,0.378443526170799,1
"1094","BARROW:BG:BGCD02",9,8,0,0.25,0.293808049535604,0
"1095","BARROW:BG:BGCD05",5,13,0,0.461538461538462,0.342686002522068,0
"1096","BARROW:BG:BGCE02",7,7,2,0.4,0.431724137931034,2
"1097","BARROW:BG:BGCF02",7,10,-2,0.25,0.145049148885159,2
"1098","BARROW:BG:BGCF03",7,4,1,0,0.233204134366925,1
"1099","BARROW:BG:BGCH04",7,9,0,0.444444444444444,0.0996470268802607,0
"1100","BARROW:BG:BGCD06",5,10,-2,0.25,0.311914323962517,2
"1101","BARROW:BG:BGCH06",5,6,-2,0,0.409375,2
"1102","BARROW:BG:BGCB11",6,7,0,0.285714285714286,0.294735102074552,0
"1103","BARROW:BG:BGCK09",6,11,2,0.222222222222222,0.240342234897589,2
"1104","BYLOT:MESPRAIRIE:52_1",6,6,0,0.333333333333333,0.226833976833977,0
"1105","BYLOT:MESPRAIRIE:52_2",6,5,0,0.4,0.208771929824561,0
"1106","BYLOT:MESPRAIRIE:53_1",6,6,1,0.4,0.123991935483871,1
"1107","BYLOT:MESPRAIRIE:53_2",6,10,1,0.444444444444444,0.329923273657289,1
"1108","BYLOT:MESPRAIRIE:54_1",6,6,2,0.5,0.358552631578947,2
"1109","BYLOT:MESPRAIRIE:54_2",6,8,0,0.5,0.234472049689441,0
"1110","BYLOT:MESPRAIRIE:55_1",6,6,-1,0.4,0.260344827586207,1
"1111","BYLOT:MESPRAIRIE:55_2",6,6,-1,0.4,0.279220779220779,1
"1112","BYLOT:MESPRAIRIE:56_1",6,5,-2,0,0.247943595769683,2
"1113","BYLOT:MESPRAIRIE:56_2",6,6,1,0,0.0715517241379311,1
"1114","BYLOT:MESPRAIRIE:57_1",6,10,2,0.5,0.36013986013986,2
"1115","BYLOT:MESPRAIRIE:57_2",6,5,-2,0,0.248062015503876,2
"1116","BYLOT:MESPRAIRIE:58_1",6,7,-3,0,0.227649769585254,3
"1117","BYLOT:MESPRAIRIE:58_2",6,9,0,0.444444444444444,0.391030684500393,0
"1118","BYLOT:MESPRAIRIE:59_1",6,7,0,0.571428571428571,0.347368421052632,0
"1119","BYLOT:MESPRAIRIE:59_2",6,5,2,0,0.184210526315789,2
"1120","BYLOT:MESPRAIRIE:60_1",6,9,4,0.4,0.281650071123755,4
"1121","BYLOT:MESPRAIRIE:60_2",6,5,0,0,0.114634146341463,0
"1122","BYLOT:MESPRAIRIE:61_1",6,5,0,0,0.485714285714286,0
"1123","BYLOT:MESPRAIRIE:61_2",6,5,2,0,0.539393939393939,2
"1124","BYLOT:MESPRAIRIE:62_1",6,4,1,0,0.187444739168877,1
"1125","BYLOT:MESPRAIRIE:62_2",6,5,-1,0.5,0.238095238095238,1
"1126","BYLOT:MESPRAIRIE:63_1",6,9,0,0.666666666666667,0.464607464607465,0
"1127","BYLOT:MESPRAIRIE:63_2",6,6,2,0,0.208472686733556,2
"1128","BYLOT:MESPOLYGON:64_1",6,5,1,0,0.388177339901478,1
"1129","BYLOT:MESPOLYGON:64_2",6,6,-2,0.5,0.351851851851852,2
"1130","BYLOT:MESPOLYGON:65_1",6,8,1,0.285714285714286,0.204324324324324,1
"1131","BYLOT:MESPOLYGON:65_2",6,5,-3,0,0.409090909090909,3
"1132","BYLOT:MESPOLYGON:66_1",6,6,0,0.333333333333333,0.42014652014652,0
"1133","BYLOT:MESPOLYGON:66_2",6,5,0,0,0.196944899072559,0
"1134","BYLOT:MESPOLYGON:67_1",6,6,1,0.4,0.445652173913044,1
"1135","BYLOT:MESPOLYGON:67_2",6,10,1,0.666666666666667,0.447811447811448,1
"1136","BYLOT:MESPOLYGON:68_1",6,11,-3,0.5,0.305555555555556,3
"1137","BYLOT:MESPOLYGON:68_2",6,12,-2,0.4,0.271991911021234,2
"1138","BYLOT:MESPOLYGON:69_1",6,6,2,0.5,0.583333333333333,2
"1139","BYLOT:MESPOLYGON:69_2",6,7,-1,0.333333333333333,0.352941176470588,1
"1140","BYLOT:MESPOLYGON:70_1",6,6,-2,0.5,0.263157894736842,2
"1141","BYLOT:MESPOLYGON:70_2",6,6,2,0.5,0.244444444444444,2
"1142","BYLOT:MESPOLYGON:71_1",6,6,1,0.4,0.206221198156682,1
"1143","BYLOT:MESPOLYGON:71_2",6,6,-3,0,0.205882352941176,3
"1144","BYLOT:MESPOLYGON:72_1",6,7,-3,0,0.246212121212121,3
"1145","BYLOT:MESPOLYGON:72_2",6,7,1,0.333333333333333,0.238095238095238,1
"1146","BYLOT:MESPOLYGON:73_1",6,8,-3,0,0.363636363636364,3
"1147","BYLOT:MESPOLYGON:73_2",6,5,-2,0,0.270967741935484,2
"1148","BYLOT:MESPOLYGON:74_1",6,6,-2,0,0.185714285714286,2
"1149","BYLOT:MESPOLYGON:74_2",6,7,-2,0.4,0.305882352941176,2
"1150","BYLOT:MESPOLYGON:75_1",6,7,-2,0,0.441558441558442,2
"1151","BYLOT:MESPOLYGON:75_2",6,8,-4,0,0.236636245110821,4
"1152","ALEXFIORD:MEADOW:Mead.c.1",24,9,-3,0,0.291351351351351,3
"1153","ALEXFIORD:WILLOW:Will.c.1",24,8,-1,0.285714285714286,0.375082399472643,1
"1154","ALEXFIORD:MEADOW:Mead.c.2",24,11,-2,0.222222222222222,0.365248226950355,2
"1155","ALEXFIORD:WILLOW:Will.c.2",24,8,-4,0,0.396739130434783,4
"1156","ALEXFIORD:MEADOW:Mead.c.3",24,12,-1,0.363636363636364,0.253061900033102,1
"1157","ALEXFIORD:WILLOW:Will.c.3",24,10,2,0.25,0.223719676549865,2
"1158","ALEXFIORD:WILLOW:Will.c.4",24,9,2,0.285714285714286,0.360794044665013,2
"1159","ALEXFIORD:FERT:Fert.c.c.5",24,10,1,0.222222222222222,0.274226281075596,1
"1160","ALEXFIORD:WILLOW:Will.c.5",24,8,-4,0,0.488835725677831,4
"1161","ALEXFIORD:MEADOW:Mead.c.6",24,13,0,0.153846153846154,0.324682598954444,0
"1162","ALEXFIORD:WILLOW:Will.c.6",24,7,2,0,0.376683501683502,2
"1163","ALEXFIORD:MEADOW:Mead.c.7",24,9,-1,0.25,0.316244079130677,1
"1164","ALEXFIORD:WILLOW:Will.c.7",24,12,1,0.363636363636364,0.20303605313093,1
"1165","ALEXFIORD:WILLOW:Will.c.8",24,10,3,0.285714285714286,0.451515151515151,3
"1166","ALEXFIORD:WILLOW:Will.c.9",24,7,-2,0.4,0.444444444444444,2
"1167","ALEXFIORD:WILLOW:Will.c.10",24,7,0,0.571428571428571,0.178571428571429,0
"1168","ALEXFIORD:FERT:Fert.c.c.13",24,10,2,0,0.175011076650421,2
"1169","ALEXFIORD:FERT:Fert.c.c.21",24,9,-1,0.25,0.272785417332907,1
"1170","ALEXFIORD:FERT:Fert.c.c.29",24,11,0,0.545454545454545,0.441650548033527,0
"1171","ALEXFIORD:DOMEGRANITE:Dom.c.2g",13,1,0,0,0,0
"1172","ALEXFIORD:DOMEDOLOMITE:Dom.c.2d",13,3,-1,0,0.514285714285714,1
"1173","ALEXFIORD:DOMEDOLOMITE:Dom.c.3d",13,2,-1,0,0.166666666666667,1
"1174","ALEXFIORD:DOMEGRANITE:Dom.c.1g",13,2,-1,0,0.166666666666667,1
"1175","ALEXFIORD:DOMEGRANITE:Dom.c.3g",13,3,-2,0,0.375,2
"1176","ALEXFIORD:DOMEGRANITE:Dom.c.4g",13,2,-1,0,0.5,1
"1177","ALEXFIORD:DOMEDOLOMITE:Dom.c.1d",13,1,0,0,0,0
"1178","ALEXFIORD:DOMEDOLOMITE:Dom.c.4d",13,2,0,1,1,0
"1179","ALEXFIORD:DOMEDOLOMITE:Dom.c.5d",13,2,0,0,0.116666666666667,0
"1180","ALEXFIORD:DOMEGRANITE:Dom.c.5g",13,3,-2,0,0.166666666666667,2
"1181","ALEXFIORD:FERT:Fert.c.c.37",24,11,0,0.181818181818182,0.212351029252438,0
"1182","ALEXFIORD:DRYAS:Dry.c.1",24,11,-6,0,0.342857142857143,6
"1183","ALEXFIORD:DRYAS:Dry.c.2",24,10,-3,0,0.163594470046083,3
"1184","ALEXFIORD:DRYAS:Dry.c.3",24,9,1,0.25,0.12788906009245,1
"1185","ALEXFIORD:MEADOW:Mead.c.4",19,10,-1,0,0.296100540286587,1
"1186","ALEXFIORD:MEADOW:Mead.c.5",19,9,-1,0.25,0.188133874239351,1
"1187","ALEXFIORD:MEADOW:Mead.c.8",19,11,-2,0.222222222222222,0.406821480406386,2
"1188","ALEXFIORD:MEADOW:Mead.c.9",19,10,-3,0,0.25389844062375,3
"1189","ALEXFIORD:MEADOW:Mead.c.10",19,9,-2,0,0.132822249955429,2
"1190","ALEXFIORD:CASSIOPE:Cas.c.c.10new",24,9,-3,0,0.436363636363636,3
"1191","ALEXFIORD:CASSIOPE:Cas.c.c.11new",24,10,-3,0,0.367251461988304,3
"1192","ALEXFIORD:CASSIOPE:Cas.c.c.12new",24,8,-1,0,0.303339517625232,1
"1193","ALEXFIORD:CASSIOPE:Cas.c.c.13new",24,8,-1,0.285714285714286,0.173076923076923,1
"1194","ALEXFIORD:CASSIOPE:Cas.c.c.14new",24,8,0,0.25,0.217948717948718,0
"1195","ALEXFIORD:CASSIOPE:Cas.c.c.15new",24,6,-1,0.4,0.181746656176239,1
"1196","ALEXFIORD:CASSIOPE:Cas.c.c.16new",24,10,3,0.285714285714286,0.178703703703704,3
"1197","ALEXFIORD:CASSIOPE:Cas.c.c.17new",24,8,-5,0,0.292682926829268,5
"1198","ALEXFIORD:CASSIOPE:Cas.c.c.18new",24,8,-2,0,0.245098039215686,2
"1199","ALEXFIORD:CASSIOPE:Cas.c.c.1new",24,8,-1,0.285714285714286,0.358070500927644,1
"1200","ALEXFIORD:CASSIOPE:Cas.c.c.2new",24,7,-2,0,0.42972972972973,2
"1201","ALEXFIORD:CASSIOPE:Cas.c.c.3new",24,4,0,0.5,0.142857142857143,0
"1202","ALEXFIORD:CASSIOPE:Cas.c.c.4new",24,4,1,0,0.30241935483871,1
"1203","ALEXFIORD:CASSIOPE:Cas.c.c.5new",24,9,-2,0.285714285714286,0.242647058823529,2
"1204","ALEXFIORD:CASSIOPE:Cas.c.c.6new",24,8,0,0.25,0.362352941176471,0
"1205","ALEXFIORD:CASSIOPE:Cas.c.c.7new",24,7,0,0.285714285714286,0.289124668435013,0
"1206","ALEXFIORD:CASSIOPE:Cas.c.c.8new",24,7,1,0.333333333333333,0.236631016042781,1
"1207","ALEXFIORD:CASSIOPE:Cas.c.c.9new",24,7,3,0,0.355555555555556,3
"1208","ALEXFIORD:CASSIOPE:Cas.c.c.2",19,6,-3,0,0.259305210918114,3
"1209","ALEXFIORD:CASSIOPE:Cas.c.c.4",19,7,0,0.285714285714286,0.0891608391608392,0
"1210","ALEXFIORD:CASSIOPE:Cas.c.c.9",19,7,-2,0,0.0810810810810811,2
"1211","ALEXFIORD:CASSIOPE:Cas.c.c.12",19,9,1,0.25,0.416666666666667,1
"1212","ALEXFIORD:CASSIOPE:Cas.c.c.13",19,7,0,0.285714285714286,0.144736842105263,0
"1213","ALEXFIORD:CASSIOPE:Cas.c.c.16",19,9,-2,0.285714285714286,0.170565302144249,2
"1214","ALEXFIORD:DRYAS:Dry.c.4",24,9,2,0,0.12788906009245,2
"1215","ALEXFIORD:DRYAS:Dry.c.5",24,8,0,0,0.18096357226792,0
"1216","ALEXFIORD:DRYAS:Dry.c.6",24,14,2,0.5,0.299334811529933,2
"1217","ALEXFIORD:DRYAS:Dry.c.7",24,9,0,0,0.26010101010101,0
"1218","ALEXFIORD:DRYAS:Dry.c.8",24,8,0,0.25,0.342538759689922,0
"1219","ALEXFIORD:DRYAS:Dry.c.9",24,7,-2,0,0.525987525987526,2
"1220","ALEXFIORD:DRYAS:Dry.c.10",24,11,-2,0.444444444444444,0.298295454545455,2
"1221","ENDALEN:DRY-L:DRY-L1",12,8,0,0.25,0.131184407796102,0
"1222","ENDALEN:DRY-L:DRY-L2",12,10,-2,0.5,0.241863075196408,2
"1223","ENDALEN:DRY-L:DRY-L5",12,7,1,0.333333333333333,0.161538461538462,1
"1224","ENDALEN:DRY-L:DRY-L7",12,8,-1,0.285714285714286,0.120499753411146,1
"1225","ENDALEN:DRY-L:DRY-L8",12,9,1,0.25,0.200317965023847,1
"1226","ENDALEN:CAS-L:CAS-L1",12,7,-1,0.333333333333333,0.255813953488372,1
"1227","ENDALEN:CAS-L:CAS-L3",12,3,0,0,0.232591414944356,0
"1228","ENDALEN:CAS-L:CAS-L7",12,4,0,0,0.184315684315684,0
"1229","ENDALEN:CAS-L:CAS-L9",12,7,-3,0.5,0.726315789473684,3
"1230","ENDALEN:CAS-L:CAS-L10",12,9,-2,0.571428571428571,0.862015503875969,2
"1231","ENDALEN:BIS-L:BIS-L2",12,5,-2,0,0.260869565217391,2
"1232","ENDALEN:BIS-L:BIS-L3",12,6,0,0.333333333333333,0.503448275862069,0
"1233","ENDALEN:BIS-L:BIS-L6",12,7,-1,0.333333333333333,0.419140451927337,1
"1234","ENDALEN:BIS-L:BIS-L8",12,4,1,0,0.70625,1
"1235","ENDALEN:BIS-L:BIS-L10",12,6,0,0.333333333333333,0.709608843537415,0
"1236","AUDKULUHEIDI:BETULAHEATH:1",22,13,1,0.666666666666667,0.475,1
"1237","AUDKULUHEIDI:BETULAHEATH:2",22,10,-1,0.444444444444444,0.36996336996337,1
"1238","AUDKULUHEIDI:BETULAHEATH:3",22,14,-5,0.222222222222222,0.459090909090909,5
"1239","AUDKULUHEIDI:BETULAHEATH:4",22,10,2,0.5,0.114495798319328,2
"1240","AUDKULUHEIDI:BETULAHEATH:5",22,8,1,0,0.131578947368421,1
"1241","AUDKULUHEIDI:BETULAHEATH:6",22,8,-4,0,0.318181818181818,4
"1242","AUDKULUHEIDI:BETULAHEATH:7",22,11,1,0.6,0.472359058565955,1
"1243","AUDKULUHEIDI:BETULAHEATH:8",22,13,-5,0.25,0.411891891891892,5
"1244","AUDKULUHEIDI:BETULAHEATH:9",22,11,4,0.285714285714286,0.308928571428571,4
"1245","AUDKULUHEIDI:BETULAHEATH:10",22,7,-2,0.4,0.234545454545455,2
"1246","THINGVELLIR:MOSS HEATH:1",24,6,3,0,0.416666666666667,3
"1247","THINGVELLIR:MOSS HEATH:3",24,4,0,0.5,0.375,0
"1248","THINGVELLIR:MOSS HEATH:4",24,3,1,0,0.222222222222222,1
"1249","THINGVELLIR:MOSS HEATH:8",24,2,0,0,0.133333333333333,0
"1250","THINGVELLIR:MOSS HEATH:9",24,5,0,0.4,0.566666666666667,0
"1251","THINGVELLIR:MOSS HEATH:10",24,5,-1,0.5,0.666666666666667,1
"1252","THINGVELLIR:MOSS HEATH:2",24,4,-1,0.666666666666667,0.8,1
"1253","THINGVELLIR:MOSS HEATH:5",24,4,-3,0,0.619047619047619,3
"1254","THINGVELLIR:MOSS HEATH:6",24,4,2,0,0.5,2
"1255","THINGVELLIR:MOSS HEATH:7",24,5,3,0,0.452380952380952,3
"1256","QHI:HE:1",23,17,-2,0.533333333333333,0.314109742441209,2
"1257","QHI:HE:2",23,17,1,0.375,0.178821178821179,1
"1258","QHI:HE:5",17,19,-3,0.375,0.284817813765182,3
"1259","QHI:HE:3",18,16,3,0.307692307692308,0.291497975708502,3
"1260","QHI:HE:6",9,19,-4,0.533333333333333,0.251303052866716,4
"1261","QHI:KO:1",23,19,-1,0.777777777777778,0.273984828201696,1
"1262","QHI:KO:2",23,13,3,0.6,0.484522645812968,3
"1263","QHI:KO:3",23,13,-5,0.5,0.259157509157509,5
"1264","QHI:KO:4",23,12,0,0.666666666666667,0.273949221250267,0
"1265","QHI:KO:6",23,12,4,0.5,0.358571047720608,4
"1266","QHI:KO:5",18,16,7,0.666666666666667,0.409041394335512,7
